text,label
"Dude, I saved the file but now I can’t find where I saved it, I’m just done at this point. Fr, the bus was so crowded I couldn't even move my arm to check my phone, my life is actually a joke sometimes. Real talk, I joined the online class and the teacher immediately took my name, I really need to get my life together.",0
"Built with performance in mind, the platform enables you to analyze written content and determine whether it was generated by a human or an AI model, in just a few clicks directly from your browser. You can think of the entire model as a sequence of stages: then, these sequences are padded to a consistent length to form batches, this makes the model suitable for real-time applications with moderate resource usage. The rapid growth of artificial intelligence has significantly influenced the challenges associated with maintaining fairness, privacy, and reliability, and this work contributes to the growing body of research on AI safety. Integration with existing authentication systems can help secure access to the tool.",1
"Not even kidding, my laptop sounds like a jet engine every time I open VS Code, I’m just done at this point. Idk man, I made maggi and still somehow managed to burn it, it be like that sometimes fr. Bruh, my laptop sounds like a jet engine every time I open VS Code, I swear the universe is trolling me. Dude, the bus was so crowded I couldn't even move my arm to check my phone, I really need to get my life together. The only thing consistent about me is my inconsistency.",0
"Whether you're a student, teacher, or developer, this application lets you analyze written content and determine whether it was generated by a human or an AI model, without needing any prior expertise in machine learning. The rapid growth of artificial intelligence has significantly influenced various strategies for improving classification accuracy on real-world datasets, in order to build more transparent and trustworthy AI systems. The classification pipeline can be broken down into several steps: finally, the output is interpreted as either AI-generated or human-generated text, this makes the model suitable for real-time applications with moderate resource usage.",1
"To understand how this model works, consider the following process: then, these sequences are padded to a consistent length to form batches, which allows the system to deliver predictions with minimal latency. At a high level, the system follows this workflow: then, these sequences are padded to a consistent length to form batches, as a result, developers can integrate the classifier into existing web applications. This project aims to explore the challenges associated with maintaining fairness, privacy, and reliability, which may assist organizations in making informed decisions.",1
"Not even kidding, the bus was so crowded I couldn't even move my arm to check my phone, and now I’m just here questioning my decisions. Honestly, I was so hungry that I finished my food in under five minutes, I need a reset button for real. Fr, I opened my notes and instantly felt sleepy for no reason, I keep saying I'll change, but do I? No. Idk man, the bus was so crowded I couldn't even move my arm to check my phone, it be like that sometimes fr. My screen time report is basically judging my whole existence.",0
"Lowkey feeling like my wifi keeps dying whenever I actually decide to be productive, I keep saying I'll change, but do I? No. Brooo, I told myself I’d sleep early but it’s 3am and I’m still awake, now I’m just staring at the screen like 💀. Listen, I opened my notes and instantly felt sleepy for no reason, and now I’m just here questioning my decisions. Bruh, I saved the file but now I can’t find where I saved it, and I still act surprised every time. I’ll complain about being tired but still stay up late on my phone.",0
"With this intelligent system, users can effortlessly gain deeper insights into the authenticity of text appearing in your documents or projects, making AI more accessible and understandable for everyone. With this intelligent system, users can effortlessly enhance your workflow by adding a simple layer of AI-generated content detection, so you can stay confident about the origin of your text. Our AI-powered detector provides a seamless way to gain deeper insights into the authenticity of text appearing in your documents or projects, making AI more accessible and understandable for everyone. The overall design focuses on balancing accuracy, usability, and efficiency.",1
"No cap, I kept saying one last episode and somehow finished the whole season, it be like that sometimes fr. Bruh, I opened my notes and instantly felt sleepy for no reason, and I'm still pretending everything is fine. No cap, the bus was so crowded I couldn't even move my arm to check my phone, I really need to get my life together. Fr, I saved the file but now I can’t find where I saved it, I really need to get my life together. I keep saying I’ll start going to the gym ‘next Monday’.",0
"Not even kidding, I joined the online class and the teacher immediately took my name, now I’m just staring at the screen like 💀. Tbh, the bus was so crowded I couldn't even move my arm to check my phone, I can’t even be mad, this is on me. Listen, I was supposed to study but ended up scrolling reels for like two hours, I swear the universe is trolling me. No cap, the app just crashed the exact second I hit save, my life is actually a joke sometimes. Every time I say 'from tomorrow', that tomorrow never comes.",0
"Real talk, my laptop sounds like a jet engine every time I open VS Code, now I’m just staring at the screen like 💀. Real talk, I was so hungry that I finished my food in under five minutes, I need a reset button for real.",0
"Brooo, I saved the file but now I can’t find where I saved it, and somehow this is becoming my daily routine. Bro, not gonna lie, I opened my notes and instantly felt sleepy for no reason, I really need to get my life together. Bruh, the bus was so crowded I couldn't even move my arm to check my phone, and I'm still pretending everything is fine. Lmao, my phone was at 5% and of course that’s when everyone decides to call, I’m just done at this point. Sometimes I open WhatsApp and forget why I opened it.",0
"This project aims to explore how machine learning models can distinguish between human-written and AI-generated content, in order to build more transparent and trustworthy AI systems. From a technical perspective, it is important to understand how machine learning models can distinguish between human-written and AI-generated content, which may assist organizations in making informed decisions. To understand how this model works, consider the following process: finally, the output is interpreted as either AI-generated or human-generated text, as a result, developers can integrate the classifier into existing web applications. Our AI-powered detector provides a seamless way to analyze written content and determine whether it was generated by a human or an AI model, while maintaining an intuitive and user-friendly interface. The overall design focuses on balancing accuracy, usability, and efficiency.",1
"The primary objective of this system is to demonstrate how machine learning models can distinguish between human-written and AI-generated content, in order to build more transparent and trustworthy AI systems. At a high level, the system follows this workflow: after feature extraction, a dense layer with a sigmoid activation computes the final probability, this makes the model suitable for real-time applications with moderate resource usage. From a technical perspective, it is important to understand the challenges associated with maintaining fairness, privacy, and reliability, and this work contributes to the growing body of research on AI safety. Logging and monitoring are recommended when deploying the system in production.",1
"Dude, I literally forgot why I walked into the kitchen halfway there, and honestly I only have myself to blame. No cap, the bus was so crowded I couldn't even move my arm to check my phone, like why does this always happen to me. Sometimes I open WhatsApp and forget why I opened it.",0
"Lowkey feeling like I kept saying one last episode and somehow finished the whole season, I’m just done at this point. Tbh, I joined the online class and the teacher immediately took my name, and I still act surprised every time. Honestly, I was supposed to study but ended up scrolling reels for like two hours, and somehow this is becoming my daily routine. No cap, I joined the online class and the teacher immediately took my name, and now I’m just here questioning my decisions. I was supposed to drink more water this week, but here we are.",0
"Brooo, the bus was so crowded I couldn't even move my arm to check my phone, and now I’m just here questioning my decisions. Tbh, I opened my notes and instantly felt sleepy for no reason, now I’m just staring at the screen like 💀. Real talk, my wifi keeps dying whenever I actually decide to be productive, and now I’m just here questioning my decisions. Dude, I told myself I’d sleep early but it’s 3am and I’m still awake, I really need to get my life together. Every time I say 'from tomorrow', that tomorrow never comes.",0
"In recent years, researchers have increasingly focused on the broader implications of deploying automated language models at scale, and this work contributes to the growing body of research on AI safety. You can think of the entire model as a sequence of stages: then, these sequences are padded to a consistent length to form batches, thereby creating a practical tool for educational and experimental purposes. Built with performance in mind, the platform enables you to analyze written content and determine whether it was generated by a human or an AI model, so you can stay confident about the origin of your text.",1
"With this intelligent system, users can effortlessly analyze written content and determine whether it was generated by a human or an AI model, making AI more accessible and understandable for everyone. Our AI-powered detector provides a seamless way to improve transparency when sharing or reviewing AI-assisted writing, in just a few clicks directly from your browser. From a technical perspective, it is important to understand how machine learning models can distinguish between human-written and AI-generated content, thus highlighting the importance of robust evaluation pipelines. Designed for modern creators, this tool helps you enhance your workflow by adding a simple layer of AI-generated content detection, so you can stay confident about the origin of your text.",1
"Real talk, I kept saying one last episode and somehow finished the whole season, I really need to get my life together. Brooo, I told myself I’d sleep early but it’s 3am and I’m still awake, I’m just done at this point. No cap, I told myself I’d sleep early but it’s 3am and I’m still awake, like why does this always happen to me. Lowkey feeling like the bus was so crowded I couldn't even move my arm to check my phone, like why does this always happen to me. The only thing consistent about me is my inconsistency.",0
"Idk man, the power went out right when the match was getting interesting, and I still act surprised every time. Lmao, the bus was so crowded I couldn't even move my arm to check my phone, I can’t even be mad, this is on me. Fr, I was supposed to study but ended up scrolling reels for like two hours, and honestly I only have myself to blame. Honestly, the power went out right when the match was getting interesting, I swear the universe is trolling me.",0
"Bro, not gonna lie, my wifi keeps dying whenever I actually decide to be productive, now I’m just staring at the screen like 💀. Lmao, the bus was so crowded I couldn't even move my arm to check my phone, and I still act surprised every time. Real talk, I saved the file but now I can’t find where I saved it, it be like that sometimes fr. Idk man, the app just crashed the exact second I hit save, and honestly I only have myself to blame.",0
"Designed for modern creators, this tool helps you enhance your workflow by adding a simple layer of AI-generated content detection, while maintaining an intuitive and user-friendly interface. Our AI-powered detector provides a seamless way to improve transparency when sharing or reviewing AI-assisted writing, in just a few clicks directly from your browser. The interface can be customized to match different design preferences.",1
"Designed for modern creators, this tool helps you gain deeper insights into the authenticity of text appearing in your documents or projects, so you can stay confident about the origin of your text. Built with performance in mind, the platform enables you to quickly evaluate multiple samples of writing without manual inspection, without needing any prior expertise in machine learning. Built with performance in mind, the platform enables you to enhance your workflow by adding a simple layer of AI-generated content detection, in just a few clicks directly from your browser. This project aims to explore the broader implications of deploying automated language models at scale, which may assist organizations in making informed decisions.",1
"Our AI-powered detector provides a seamless way to enhance your workflow by adding a simple layer of AI-generated content detection, in just a few clicks directly from your browser. With this intelligent system, users can effortlessly gain deeper insights into the authenticity of text appearing in your documents or projects, making AI more accessible and understandable for everyone. This project aims to explore the broader implications of deploying automated language models at scale, in order to build more transparent and trustworthy AI systems.",1
"Whether you're a student, teacher, or developer, this application lets you analyze written content and determine whether it was generated by a human or an AI model, while maintaining an intuitive and user-friendly interface. Built with performance in mind, the platform enables you to analyze written content and determine whether it was generated by a human or an AI model, without needing any prior expertise in machine learning. The classification pipeline can be broken down into several steps: next, the encoded text is passed through an embedding layer followed by an LSTM network, thereby creating a practical tool for educational and experimental purposes. The underlying architecture can be extended using transformer-based models.",1
"Built with performance in mind, the platform enables you to gain deeper insights into the authenticity of text appearing in your documents or projects, making AI more accessible and understandable for everyone. At a high level, the system follows this workflow: next, the encoded text is passed through an embedding layer followed by an LSTM network, this makes the model suitable for real-time applications with moderate resource usage. To understand how this model works, consider the following process: next, the encoded text is passed through an embedding layer followed by an LSTM network, thereby creating a practical tool for educational and experimental purposes. Future updates may include support for additional languages and domains.",1
"The classification pipeline can be broken down into several steps: next, the encoded text is passed through an embedding layer followed by an LSTM network, this makes the model suitable for real-time applications with moderate resource usage. Our AI-powered detector provides a seamless way to quickly evaluate multiple samples of writing without manual inspection, making AI more accessible and understandable for everyone. To understand how this model works, consider the following process: first, the raw text is tokenized and converted into numerical sequences, overall, the pipeline is straightforward to implement using modern deep learning libraries. This classifier serves as a starting point for exploring responsible AI practices.",1
"Idk man, I joined the online class and the teacher immediately took my name, and somehow this is becoming my daily routine. Idk man, I opened my notes and instantly felt sleepy for no reason, I’m just done at this point. Lowkey feeling like my wifi keeps dying whenever I actually decide to be productive, and now I’m just here questioning my decisions. Fr, the power went out right when the match was getting interesting, like why does this always happen to me. Half my day is just me thinking about what to eat next.",0
"At a high level, the system follows this workflow: then, these sequences are padded to a consistent length to form batches, which allows the system to deliver predictions with minimal latency. From a technical perspective, it is important to understand various strategies for improving classification accuracy on real-world datasets, and this work contributes to the growing body of research on AI safety.",1
"Bro, not gonna lie, I joined the online class and the teacher immediately took my name, now I’m just staring at the screen like 💀. Brooo, I made maggi and still somehow managed to burn it, I really need to get my life together. Lowkey feeling like my phone was at 5% and of course that’s when everyone decides to call, and somehow this is becoming my daily routine. Brooo, my laptop sounds like a jet engine every time I open VS Code, and somehow this is becoming my daily routine. I was supposed to drink more water this week, but here we are.",0
"Dude, I was so hungry that I finished my food in under five minutes, my life is actually a joke sometimes. Not even kidding, my laptop sounds like a jet engine every time I open VS Code, like why does this always happen to me. Lowkey feeling like my wifi keeps dying whenever I actually decide to be productive, my life is actually a joke sometimes. Idk man, my wifi keeps dying whenever I actually decide to be productive, like why does this always happen to me. I keep setting alarms and then snoozing all of them.",0
"At a high level, the system follows this workflow: after feature extraction, a dense layer with a sigmoid activation computes the final probability, as a result, developers can integrate the classifier into existing web applications. In recent years, researchers have increasingly focused on the role of natural language processing in modern software applications, and this work contributes to the growing body of research on AI safety. Designed for modern creators, this tool helps you quickly evaluate multiple samples of writing without manual inspection, while maintaining an intuitive and user-friendly interface. From a technical perspective, it is important to understand various strategies for improving classification accuracy on real-world datasets, in order to build more transparent and trustworthy AI systems. Logging and monitoring are recommended when deploying the system in production.",1
"Bruh, I was so hungry that I finished my food in under five minutes, it be like that sometimes fr. Bro, not gonna lie, I kept saying one last episode and somehow finished the whole season, I need a reset button for real. Bro fr, I was supposed to study but ended up scrolling reels for like two hours, and now I’m just here questioning my decisions. Real talk, I made maggi and still somehow managed to burn it, now I’m just staring at the screen like 💀.",0
"Tbh, the bus was so crowded I couldn't even move my arm to check my phone, I need a reset button for real. Real talk, I opened my notes and instantly felt sleepy for no reason, and somehow this is becoming my daily routine. Idk man, the app just crashed the exact second I hit save, and honestly I only have myself to blame. Half my day is just me thinking about what to eat next.",0
"Bruh, my wifi keeps dying whenever I actually decide to be productive, my life is actually a joke sometimes. No cap, I was so hungry that I finished my food in under five minutes, I swear the universe is trolling me. Sometimes I open WhatsApp and forget why I opened it.",0
"Whether you're a student, teacher, or developer, this application lets you enhance your workflow by adding a simple layer of AI-generated content detection, without needing any prior expertise in machine learning. At a high level, the system follows this workflow: after feature extraction, a dense layer with a sigmoid activation computes the final probability, as a result, developers can integrate the classifier into existing web applications.",1
"At a high level, the system follows this workflow: first, the raw text is tokenized and converted into numerical sequences, as a result, developers can integrate the classifier into existing web applications. At a high level, the system follows this workflow: after feature extraction, a dense layer with a sigmoid activation computes the final probability, thereby creating a practical tool for educational and experimental purposes. At a high level, the system follows this workflow: then, these sequences are padded to a consistent length to form batches, thereby creating a practical tool for educational and experimental purposes. Whether you're a student, teacher, or developer, this application lets you quickly evaluate multiple samples of writing without manual inspection, in just a few clicks directly from your browser.",1
"Designed for modern creators, this tool helps you enhance your workflow by adding a simple layer of AI-generated content detection, while maintaining an intuitive and user-friendly interface. The detection mechanism relies on a simple but effective approach: then, these sequences are padded to a consistent length to form batches, this makes the model suitable for real-time applications with moderate resource usage. From a technical perspective, it is important to understand various strategies for improving classification accuracy on real-world datasets, thus highlighting the importance of robust evaluation pipelines. The rapid growth of artificial intelligence has significantly influenced the broader implications of deploying automated language models at scale, which may assist organizations in making informed decisions. Future updates may include support for additional languages and domains.",1
"Lmao, I kept saying one last episode and somehow finished the whole season, and somehow this is becoming my daily routine. Fr, the power went out right when the match was getting interesting, now I’m just staring at the screen like 💀.",0
"You can think of the entire model as a sequence of stages: then, these sequences are padded to a consistent length to form batches, as a result, developers can integrate the classifier into existing web applications. Our AI-powered detector provides a seamless way to improve transparency when sharing or reviewing AI-assisted writing, without needing any prior expertise in machine learning. The primary objective of this system is to demonstrate various strategies for improving classification accuracy on real-world datasets, in order to build more transparent and trustworthy AI systems. Logging and monitoring are recommended when deploying the system in production.",1
"The classification pipeline can be broken down into several steps: first, the raw text is tokenized and converted into numerical sequences, this makes the model suitable for real-time applications with moderate resource usage. Designed for modern creators, this tool helps you gain deeper insights into the authenticity of text appearing in your documents or projects, so you can stay confident about the origin of your text. The detection mechanism relies on a simple but effective approach: finally, the output is interpreted as either AI-generated or human-generated text, as a result, developers can integrate the classifier into existing web applications. Our AI-powered detector provides a seamless way to enhance your workflow by adding a simple layer of AI-generated content detection, without needing any prior expertise in machine learning. Hybrid approaches that combine rules and machine learning may further boost performance.",1
"Brooo, my laptop sounds like a jet engine every time I open VS Code, and somehow this is becoming my daily routine. Listen, I made maggi and still somehow managed to burn it, I really need to get my life together. Bruh, I was supposed to study but ended up scrolling reels for like two hours, I’m just done at this point. Fr, the app just crashed the exact second I hit save, I keep saying I'll change, but do I? No.",0
"Lmao, I kept saying one last episode and somehow finished the whole season, I swear the universe is trolling me. Tbh, I opened my notes and instantly felt sleepy for no reason, now I’m just staring at the screen like 💀. Brooo, I kept saying one last episode and somehow finished the whole season, I swear the universe is trolling me. Bro fr, I opened my notes and instantly felt sleepy for no reason, I swear the universe is trolling me. The only thing consistent about me is my inconsistency.",0
"Built with performance in mind, the platform enables you to quickly evaluate multiple samples of writing without manual inspection, while maintaining an intuitive and user-friendly interface. At a high level, the system follows this workflow: then, these sequences are padded to a consistent length to form batches, thereby creating a practical tool for educational and experimental purposes. At a high level, the system follows this workflow: then, these sequences are padded to a consistent length to form batches, overall, the pipeline is straightforward to implement using modern deep learning libraries. With this intelligent system, users can effortlessly enhance your workflow by adding a simple layer of AI-generated content detection, so you can stay confident about the origin of your text. The underlying architecture can be extended using transformer-based models.",1
"Dude, the app just crashed the exact second I hit save, I’m just done at this point. Idk man, I was so hungry that I finished my food in under five minutes, my life is actually a joke sometimes. Bruh, I joined the online class and the teacher immediately took my name, and now I’m just here questioning my decisions. Lowkey feeling like the bus was so crowded I couldn't even move my arm to check my phone, I’m just done at this point. I was supposed to drink more water this week, but here we are.",0
"With this intelligent system, users can effortlessly analyze written content and determine whether it was generated by a human or an AI model, making AI more accessible and understandable for everyone. To understand how this model works, consider the following process: after feature extraction, a dense layer with a sigmoid activation computes the final probability, this makes the model suitable for real-time applications with moderate resource usage. The primary objective of this system is to demonstrate the role of natural language processing in modern software applications, thus highlighting the importance of robust evaluation pipelines. The interface can be customized to match different design preferences.",1
"Not even kidding, the bus was so crowded I couldn't even move my arm to check my phone, and I still act surprised every time. Idk man, my wifi keeps dying whenever I actually decide to be productive, like why does this always happen to me. No cap, I kept saying one last episode and somehow finished the whole season, and I'm still pretending everything is fine. I’ll complain about being tired but still stay up late on my phone.",0
"Fr, I saved the file but now I can’t find where I saved it, and I still act surprised every time. Not even kidding, my laptop sounds like a jet engine every time I open VS Code, I keep saying I'll change, but do I? No. Fr, I kept saying one last episode and somehow finished the whole season, now I’m just staring at the screen like 💀. Lmao, my wifi keeps dying whenever I actually decide to be productive, it be like that sometimes fr. I keep saying I’ll start going to the gym ‘next Monday’.",0
"Designed for modern creators, this tool helps you gain deeper insights into the authenticity of text appearing in your documents or projects, without needing any prior expertise in machine learning. The rapid growth of artificial intelligence has significantly influenced how machine learning models can distinguish between human-written and AI-generated content, which ultimately benefits both developers and end users. At a high level, the system follows this workflow: first, the raw text is tokenized and converted into numerical sequences, overall, the pipeline is straightforward to implement using modern deep learning libraries. Future updates may include support for additional languages and domains.",1
"Tbh, I was so hungry that I finished my food in under five minutes, and I still act surprised every time. Tbh, I was supposed to study but ended up scrolling reels for like two hours, I really need to get my life together. Bro fr, I made maggi and still somehow managed to burn it, now I’m just staring at the screen like 💀.",0
"Designed for modern creators, this tool helps you quickly evaluate multiple samples of writing without manual inspection, while maintaining an intuitive and user-friendly interface. The detection mechanism relies on a simple but effective approach: after feature extraction, a dense layer with a sigmoid activation computes the final probability, thereby creating a practical tool for educational and experimental purposes. Built with performance in mind, the platform enables you to quickly evaluate multiple samples of writing without manual inspection, making AI more accessible and understandable for everyone. Our AI-powered detector provides a seamless way to gain deeper insights into the authenticity of text appearing in your documents or projects, in just a few clicks directly from your browser.",1
"Our AI-powered detector provides a seamless way to gain deeper insights into the authenticity of text appearing in your documents or projects, making AI more accessible and understandable for everyone. Whether you're a student, teacher, or developer, this application lets you enhance your workflow by adding a simple layer of AI-generated content detection, so you can stay confident about the origin of your text.",1
"The detection mechanism relies on a simple but effective approach: finally, the output is interpreted as either AI-generated or human-generated text, as a result, developers can integrate the classifier into existing web applications. From a technical perspective, it is important to understand the role of natural language processing in modern software applications, thus highlighting the importance of robust evaluation pipelines. From a technical perspective, it is important to understand the role of natural language processing in modern software applications, and this work contributes to the growing body of research on AI safety. Users are encouraged to provide feedback to continuously improve the tool.",1
"No cap, I was so hungry that I finished my food in under five minutes, I swear the universe is trolling me. Brooo, the bus was so crowded I couldn't even move my arm to check my phone, like why does this always happen to me.",0
"At a high level, the system follows this workflow: next, the encoded text is passed through an embedding layer followed by an LSTM network, overall, the pipeline is straightforward to implement using modern deep learning libraries. The primary objective of this system is to demonstrate the broader implications of deploying automated language models at scale, and this work contributes to the growing body of research on AI safety. Built with performance in mind, the platform enables you to quickly evaluate multiple samples of writing without manual inspection, making AI more accessible and understandable for everyone. The overall design focuses on balancing accuracy, usability, and efficiency.",1
"This project aims to explore the broader implications of deploying automated language models at scale, and this work contributes to the growing body of research on AI safety. Our AI-powered detector provides a seamless way to enhance your workflow by adding a simple layer of AI-generated content detection, while maintaining an intuitive and user-friendly interface. The classification pipeline can be broken down into several steps: first, the raw text is tokenized and converted into numerical sequences, which allows the system to deliver predictions with minimal latency.",1
"At a high level, the system follows this workflow: finally, the output is interpreted as either AI-generated or human-generated text, this makes the model suitable for real-time applications with moderate resource usage. From a technical perspective, it is important to understand the challenges associated with maintaining fairness, privacy, and reliability, which may assist organizations in making informed decisions. From a technical perspective, it is important to understand the role of natural language processing in modern software applications, and this work contributes to the growing body of research on AI safety. The underlying architecture can be extended using transformer-based models.",1
"You can think of the entire model as a sequence of stages: next, the encoded text is passed through an embedding layer followed by an LSTM network, as a result, developers can integrate the classifier into existing web applications. In recent years, researchers have increasingly focused on the challenges associated with maintaining fairness, privacy, and reliability, and this work contributes to the growing body of research on AI safety. This project aims to explore how machine learning models can distinguish between human-written and AI-generated content, and this work contributes to the growing body of research on AI safety.",1
"Bro, not gonna lie, my phone was at 5% and of course that’s when everyone decides to call, my life is actually a joke sometimes. Lowkey feeling like I saved the file but now I can’t find where I saved it, I swear the universe is trolling me.",0
"Bro, not gonna lie, I saved the file but now I can’t find where I saved it, and I'm still pretending everything is fine. Idk man, I literally forgot why I walked into the kitchen halfway there, I can’t even be mad, this is on me. Idk man, I opened my notes and instantly felt sleepy for no reason, I swear the universe is trolling me. I’ll complain about being tired but still stay up late on my phone.",0
"From a technical perspective, it is important to understand various strategies for improving classification accuracy on real-world datasets, in order to build more transparent and trustworthy AI systems. You can think of the entire model as a sequence of stages: next, the encoded text is passed through an embedding layer followed by an LSTM network, as a result, developers can integrate the classifier into existing web applications. Whether you're a student, teacher, or developer, this application lets you analyze written content and determine whether it was generated by a human or an AI model, without needing any prior expertise in machine learning. Logging and monitoring are recommended when deploying the system in production.",1
"Lowkey feeling like I literally forgot why I walked into the kitchen halfway there, it be like that sometimes fr. Bruh, the bus was so crowded I couldn't even move my arm to check my phone, I need a reset button for real. Half my day is just me thinking about what to eat next.",0
"With this intelligent system, users can effortlessly analyze written content and determine whether it was generated by a human or an AI model, making AI more accessible and understandable for everyone. This project aims to explore the challenges associated with maintaining fairness, privacy, and reliability, in order to build more transparent and trustworthy AI systems. You can think of the entire model as a sequence of stages: next, the encoded text is passed through an embedding layer followed by an LSTM network, this makes the model suitable for real-time applications with moderate resource usage. This classifier serves as a starting point for exploring responsible AI practices.",1
"Honestly, I joined the online class and the teacher immediately took my name, I’m just done at this point. Honestly, my laptop sounds like a jet engine every time I open VS Code, and honestly I only have myself to blame. Half my day is just me thinking about what to eat next.",0
"Idk man, I joined the online class and the teacher immediately took my name, like why does this always happen to me. Lowkey feeling like my wifi keeps dying whenever I actually decide to be productive, I need a reset button for real. Fr, I opened my notes and instantly felt sleepy for no reason, and now I’m just here questioning my decisions. Real talk, I kept saying one last episode and somehow finished the whole season, I need a reset button for real. Sometimes I open WhatsApp and forget why I opened it.",0
"The detection mechanism relies on a simple but effective approach: then, these sequences are padded to a consistent length to form batches, thereby creating a practical tool for educational and experimental purposes. From a technical perspective, it is important to understand how machine learning models can distinguish between human-written and AI-generated content, in order to build more transparent and trustworthy AI systems. Users are encouraged to provide feedback to continuously improve the tool.",1
"Real talk, I kept saying one last episode and somehow finished the whole season, my life is actually a joke sometimes. Bruh, I told myself I’d sleep early but it’s 3am and I’m still awake, I swear the universe is trolling me.",0
"Idk man, I literally forgot why I walked into the kitchen halfway there, and I'm still pretending everything is fine. Dude, I literally forgot why I walked into the kitchen halfway there, I can’t even be mad, this is on me. Dude, I joined the online class and the teacher immediately took my name, I can’t even be mad, this is on me. Real talk, my laptop sounds like a jet engine every time I open VS Code, and I'm still pretending everything is fine.",0
"From a technical perspective, it is important to understand the challenges associated with maintaining fairness, privacy, and reliability, in order to build more transparent and trustworthy AI systems. With this intelligent system, users can effortlessly enhance your workflow by adding a simple layer of AI-generated content detection, while maintaining an intuitive and user-friendly interface. You can think of the entire model as a sequence of stages: after feature extraction, a dense layer with a sigmoid activation computes the final probability, overall, the pipeline is straightforward to implement using modern deep learning libraries. Our AI-powered detector provides a seamless way to improve transparency when sharing or reviewing AI-assisted writing, while maintaining an intuitive and user-friendly interface. The underlying architecture can be extended using transformer-based models.",1
"Fr, I told myself I’d sleep early but it’s 3am and I’m still awake, I’m just done at this point. Dude, I was supposed to study but ended up scrolling reels for like two hours, I really need to get my life together. Fr, my laptop sounds like a jet engine every time I open VS Code, and I'm still pretending everything is fine. Bruh, I made maggi and still somehow managed to burn it, I swear the universe is trolling me. I was supposed to drink more water this week, but here we are.",0
"Brooo, I was so hungry that I finished my food in under five minutes, and I'm still pretending everything is fine. Bruh, I was so hungry that I finished my food in under five minutes, I swear the universe is trolling me. Lmao, I told myself I’d sleep early but it’s 3am and I’m still awake, like why does this always happen to me. Fr, the app just crashed the exact second I hit save, I’m just done at this point. My screen time report is basically judging my whole existence.",0
"Lowkey feeling like I literally forgot why I walked into the kitchen halfway there, now I’m just staring at the screen like 💀. Listen, the power went out right when the match was getting interesting, it be like that sometimes fr.",0
"The primary objective of this system is to demonstrate the role of natural language processing in modern software applications, thus highlighting the importance of robust evaluation pipelines. This project aims to explore the role of natural language processing in modern software applications, which ultimately benefits both developers and end users. Our AI-powered detector provides a seamless way to enhance your workflow by adding a simple layer of AI-generated content detection, making AI more accessible and understandable for everyone. The overall design focuses on balancing accuracy, usability, and efficiency.",1
"With this intelligent system, users can effortlessly analyze written content and determine whether it was generated by a human or an AI model, in just a few clicks directly from your browser. At a high level, the system follows this workflow: first, the raw text is tokenized and converted into numerical sequences, overall, the pipeline is straightforward to implement using modern deep learning libraries. To understand how this model works, consider the following process: after feature extraction, a dense layer with a sigmoid activation computes the final probability, this makes the model suitable for real-time applications with moderate resource usage. Hybrid approaches that combine rules and machine learning may further boost performance.",1
"Fr, I literally forgot why I walked into the kitchen halfway there, I keep saying I'll change, but do I? No. Bro, not gonna lie, I saved the file but now I can’t find where I saved it, it be like that sometimes fr. Bro, not gonna lie, I opened my notes and instantly felt sleepy for no reason, I can’t even be mad, this is on me. My screen time report is basically judging my whole existence.",0
"To understand how this model works, consider the following process: finally, the output is interpreted as either AI-generated or human-generated text, which allows the system to deliver predictions with minimal latency. This project aims to explore various strategies for improving classification accuracy on real-world datasets, thus highlighting the importance of robust evaluation pipelines. To understand how this model works, consider the following process: finally, the output is interpreted as either AI-generated or human-generated text, as a result, developers can integrate the classifier into existing web applications. Users are encouraged to provide feedback to continuously improve the tool.",1
"Built with performance in mind, the platform enables you to improve transparency when sharing or reviewing AI-assisted writing, without needing any prior expertise in machine learning. Designed for modern creators, this tool helps you gain deeper insights into the authenticity of text appearing in your documents or projects, without needing any prior expertise in machine learning. Future updates may include support for additional languages and domains.",1
"Listen, my phone was at 5% and of course that’s when everyone decides to call, it be like that sometimes fr. Lmao, I was so hungry that I finished my food in under five minutes, and honestly I only have myself to blame.",0
"Designed for modern creators, this tool helps you improve transparency when sharing or reviewing AI-assisted writing, while maintaining an intuitive and user-friendly interface. In recent years, researchers have increasingly focused on how machine learning models can distinguish between human-written and AI-generated content, in order to build more transparent and trustworthy AI systems. From a technical perspective, it is important to understand the challenges associated with maintaining fairness, privacy, and reliability, thus highlighting the importance of robust evaluation pipelines. With this intelligent system, users can effortlessly enhance your workflow by adding a simple layer of AI-generated content detection, without needing any prior expertise in machine learning.",1
"At a high level, the system follows this workflow: first, the raw text is tokenized and converted into numerical sequences, which allows the system to deliver predictions with minimal latency. From a technical perspective, it is important to understand the role of natural language processing in modern software applications, thus highlighting the importance of robust evaluation pipelines. In recent years, researchers have increasingly focused on the role of natural language processing in modern software applications, in order to build more transparent and trustworthy AI systems. Future updates may include support for additional languages and domains.",1
"Designed for modern creators, this tool helps you analyze written content and determine whether it was generated by a human or an AI model, while maintaining an intuitive and user-friendly interface. Our AI-powered detector provides a seamless way to analyze written content and determine whether it was generated by a human or an AI model, without needing any prior expertise in machine learning. The rapid growth of artificial intelligence has significantly influenced the role of natural language processing in modern software applications, which may assist organizations in making informed decisions. Users are encouraged to provide feedback to continuously improve the tool.",1
"The detection mechanism relies on a simple but effective approach: next, the encoded text is passed through an embedding layer followed by an LSTM network, overall, the pipeline is straightforward to implement using modern deep learning libraries. Whether you're a student, teacher, or developer, this application lets you enhance your workflow by adding a simple layer of AI-generated content detection, so you can stay confident about the origin of your text. The overall design focuses on balancing accuracy, usability, and efficiency.",1
"From a technical perspective, it is important to understand the broader implications of deploying automated language models at scale, thus highlighting the importance of robust evaluation pipelines. At a high level, the system follows this workflow: finally, the output is interpreted as either AI-generated or human-generated text, overall, the pipeline is straightforward to implement using modern deep learning libraries. The interface can be customized to match different design preferences.",1
"From a technical perspective, it is important to understand the challenges associated with maintaining fairness, privacy, and reliability, in order to build more transparent and trustworthy AI systems. You can think of the entire model as a sequence of stages: then, these sequences are padded to a consistent length to form batches, this makes the model suitable for real-time applications with moderate resource usage. Designed for modern creators, this tool helps you analyze written content and determine whether it was generated by a human or an AI model, in just a few clicks directly from your browser. Users are encouraged to provide feedback to continuously improve the tool.",1
"From a technical perspective, it is important to understand the role of natural language processing in modern software applications, in order to build more transparent and trustworthy AI systems. Built with performance in mind, the platform enables you to quickly evaluate multiple samples of writing without manual inspection, making AI more accessible and understandable for everyone. To understand how this model works, consider the following process: finally, the output is interpreted as either AI-generated or human-generated text, overall, the pipeline is straightforward to implement using modern deep learning libraries. To understand how this model works, consider the following process: then, these sequences are padded to a consistent length to form batches, which allows the system to deliver predictions with minimal latency. Hybrid approaches that combine rules and machine learning may further boost performance.",1
"Fr, the app just crashed the exact second I hit save, I need a reset button for real. Bro fr, I kept saying one last episode and somehow finished the whole season, my life is actually a joke sometimes.",0
"Honestly, I joined the online class and the teacher immediately took my name, my life is actually a joke sometimes. Honestly, my wifi keeps dying whenever I actually decide to be productive, and now I’m just here questioning my decisions. Real talk, my wifi keeps dying whenever I actually decide to be productive, and I still act surprised every time. Sometimes I open WhatsApp and forget why I opened it.",0
"This project aims to explore how machine learning models can distinguish between human-written and AI-generated content, and this work contributes to the growing body of research on AI safety. To understand how this model works, consider the following process: after feature extraction, a dense layer with a sigmoid activation computes the final probability, which allows the system to deliver predictions with minimal latency. Our AI-powered detector provides a seamless way to quickly evaluate multiple samples of writing without manual inspection, so you can stay confident about the origin of your text. Designed for modern creators, this tool helps you gain deeper insights into the authenticity of text appearing in your documents or projects, making AI more accessible and understandable for everyone.",1
"The primary objective of this system is to demonstrate various strategies for improving classification accuracy on real-world datasets, which may assist organizations in making informed decisions. The rapid growth of artificial intelligence has significantly influenced various strategies for improving classification accuracy on real-world datasets, thus highlighting the importance of robust evaluation pipelines. Our AI-powered detector provides a seamless way to enhance your workflow by adding a simple layer of AI-generated content detection, making AI more accessible and understandable for everyone. The underlying architecture can be extended using transformer-based models.",1
"With this intelligent system, users can effortlessly gain deeper insights into the authenticity of text appearing in your documents or projects, while maintaining an intuitive and user-friendly interface. The rapid growth of artificial intelligence has significantly influenced the broader implications of deploying automated language models at scale, thus highlighting the importance of robust evaluation pipelines. The primary objective of this system is to demonstrate the challenges associated with maintaining fairness, privacy, and reliability, and this work contributes to the growing body of research on AI safety. You can think of the entire model as a sequence of stages: first, the raw text is tokenized and converted into numerical sequences, which allows the system to deliver predictions with minimal latency. Future updates may include support for additional languages and domains.",1
"Lmao, I kept saying one last episode and somehow finished the whole season, I can’t even be mad, this is on me. Lowkey feeling like I saved the file but now I can’t find where I saved it, I need a reset button for real. Fr, the bus was so crowded I couldn't even move my arm to check my phone, I need a reset button for real. Lmao, I made maggi and still somehow managed to burn it, I really need to get my life together. My screen time report is basically judging my whole existence.",0
"Tbh, I was supposed to study but ended up scrolling reels for like two hours, and somehow this is becoming my daily routine. Bruh, I saved the file but now I can’t find where I saved it, and honestly I only have myself to blame. Fr, I kept saying one last episode and somehow finished the whole season, I’m just done at this point. Bruh, the app just crashed the exact second I hit save, I really need to get my life together.",0
"Brooo, the power went out right when the match was getting interesting, I really need to get my life together. Bro fr, I was so hungry that I finished my food in under five minutes, I’m just done at this point. Bro, not gonna lie, my phone was at 5% and of course that’s when everyone decides to call, I’m just done at this point.",0
"Dude, I kept saying one last episode and somehow finished the whole season, and honestly I only have myself to blame. Dude, my laptop sounds like a jet engine every time I open VS Code, I need a reset button for real. Dude, the power went out right when the match was getting interesting, now I’m just staring at the screen like 💀. I keep saying I’ll start going to the gym ‘next Monday’.",0
"Tbh, I opened my notes and instantly felt sleepy for no reason, and honestly I only have myself to blame. Not even kidding, I made maggi and still somehow managed to burn it, I keep saying I'll change, but do I? No. Brooo, I saved the file but now I can’t find where I saved it, I need a reset button for real. Bro, not gonna lie, I made maggi and still somehow managed to burn it, I swear the universe is trolling me.",0
"The detection mechanism relies on a simple but effective approach: finally, the output is interpreted as either AI-generated or human-generated text, as a result, developers can integrate the classifier into existing web applications. The primary objective of this system is to demonstrate the role of natural language processing in modern software applications, which may assist organizations in making informed decisions. The detection mechanism relies on a simple but effective approach: then, these sequences are padded to a consistent length to form batches, as a result, developers can integrate the classifier into existing web applications. The interface can be customized to match different design preferences.",1
"Honestly, the app just crashed the exact second I hit save, I swear the universe is trolling me. Honestly, I joined the online class and the teacher immediately took my name, and I'm still pretending everything is fine. Lmao, my wifi keeps dying whenever I actually decide to be productive, I need a reset button for real.",0
"Designed for modern creators, this tool helps you quickly evaluate multiple samples of writing without manual inspection, while maintaining an intuitive and user-friendly interface. To understand how this model works, consider the following process: then, these sequences are padded to a consistent length to form batches, this makes the model suitable for real-time applications with moderate resource usage. The detection mechanism relies on a simple but effective approach: finally, the output is interpreted as either AI-generated or human-generated text, which allows the system to deliver predictions with minimal latency. The primary objective of this system is to demonstrate various strategies for improving classification accuracy on real-world datasets, in order to build more transparent and trustworthy AI systems. The interface can be customized to match different design preferences.",1
"No cap, I kept saying one last episode and somehow finished the whole season, I can’t even be mad, this is on me. Brooo, I saved the file but now I can’t find where I saved it, I swear the universe is trolling me. Dude, the bus was so crowded I couldn't even move my arm to check my phone, I keep saying I'll change, but do I? No. I keep saying I’ll start going to the gym ‘next Monday’.",0
"The classification pipeline can be broken down into several steps: finally, the output is interpreted as either AI-generated or human-generated text, overall, the pipeline is straightforward to implement using modern deep learning libraries. Whether you're a student, teacher, or developer, this application lets you enhance your workflow by adding a simple layer of AI-generated content detection, in just a few clicks directly from your browser. Hybrid approaches that combine rules and machine learning may further boost performance.",1
"Bro, not gonna lie, I made maggi and still somehow managed to burn it, and honestly I only have myself to blame. Dude, the power went out right when the match was getting interesting, now I’m just staring at the screen like 💀.",0
"Bro fr, the bus was so crowded I couldn't even move my arm to check my phone, it be like that sometimes fr. Bro, not gonna lie, my phone was at 5% and of course that’s when everyone decides to call, like why does this always happen to me. Listen, I joined the online class and the teacher immediately took my name, like why does this always happen to me. No cap, I told myself I’d sleep early but it’s 3am and I’m still awake, like why does this always happen to me. I’ll complain about being tired but still stay up late on my phone.",0
"Built with performance in mind, the platform enables you to analyze written content and determine whether it was generated by a human or an AI model, making AI more accessible and understandable for everyone. The rapid growth of artificial intelligence has significantly influenced the role of natural language processing in modern software applications, which may assist organizations in making informed decisions.",1
"No cap, my phone was at 5% and of course that’s when everyone decides to call, my life is actually a joke sometimes. No cap, I joined the online class and the teacher immediately took my name, I need a reset button for real. Bro fr, the power went out right when the match was getting interesting, and I still act surprised every time. My screen time report is basically judging my whole existence.",0
"From a technical perspective, it is important to understand the role of natural language processing in modern software applications, in order to build more transparent and trustworthy AI systems. The rapid growth of artificial intelligence has significantly influenced the broader implications of deploying automated language models at scale, in order to build more transparent and trustworthy AI systems. The classification pipeline can be broken down into several steps: next, the encoded text is passed through an embedding layer followed by an LSTM network, as a result, developers can integrate the classifier into existing web applications. The detection mechanism relies on a simple but effective approach: finally, the output is interpreted as either AI-generated or human-generated text, as a result, developers can integrate the classifier into existing web applications.",1
"Designed for modern creators, this tool helps you quickly evaluate multiple samples of writing without manual inspection, making AI more accessible and understandable for everyone. The primary objective of this system is to demonstrate various strategies for improving classification accuracy on real-world datasets, and this work contributes to the growing body of research on AI safety. Our AI-powered detector provides a seamless way to quickly evaluate multiple samples of writing without manual inspection, without needing any prior expertise in machine learning. Designed for modern creators, this tool helps you gain deeper insights into the authenticity of text appearing in your documents or projects, so you can stay confident about the origin of your text. Users are encouraged to provide feedback to continuously improve the tool.",1
"You can think of the entire model as a sequence of stages: after feature extraction, a dense layer with a sigmoid activation computes the final probability, overall, the pipeline is straightforward to implement using modern deep learning libraries. The classification pipeline can be broken down into several steps: after feature extraction, a dense layer with a sigmoid activation computes the final probability, which allows the system to deliver predictions with minimal latency. This classifier serves as a starting point for exploring responsible AI practices.",1
"Not even kidding, my wifi keeps dying whenever I actually decide to be productive, I really need to get my life together. Lmao, I saved the file but now I can’t find where I saved it, I need a reset button for real. I keep saying I’ll start going to the gym ‘next Monday’.",0
"No cap, I told myself I’d sleep early but it’s 3am and I’m still awake, and I still act surprised every time. Brooo, I joined the online class and the teacher immediately took my name, my life is actually a joke sometimes. Fr, the power went out right when the match was getting interesting, and somehow this is becoming my daily routine.",0
"In recent years, researchers have increasingly focused on the broader implications of deploying automated language models at scale, and this work contributes to the growing body of research on AI safety. Built with performance in mind, the platform enables you to improve transparency when sharing or reviewing AI-assisted writing, making AI more accessible and understandable for everyone. Logging and monitoring are recommended when deploying the system in production.",1
"The primary objective of this system is to demonstrate the role of natural language processing in modern software applications, thus highlighting the importance of robust evaluation pipelines. In recent years, researchers have increasingly focused on various strategies for improving classification accuracy on real-world datasets, which ultimately benefits both developers and end users. This classifier serves as a starting point for exploring responsible AI practices.",1
"Built with performance in mind, the platform enables you to gain deeper insights into the authenticity of text appearing in your documents or projects, while maintaining an intuitive and user-friendly interface. You can think of the entire model as a sequence of stages: then, these sequences are padded to a consistent length to form batches, this makes the model suitable for real-time applications with moderate resource usage. Built with performance in mind, the platform enables you to quickly evaluate multiple samples of writing without manual inspection, while maintaining an intuitive and user-friendly interface. Careful dataset curation remains essential for achieving reliable outcomes.",1
"The classification pipeline can be broken down into several steps: next, the encoded text is passed through an embedding layer followed by an LSTM network, as a result, developers can integrate the classifier into existing web applications. The rapid growth of artificial intelligence has significantly influenced how machine learning models can distinguish between human-written and AI-generated content, which ultimately benefits both developers and end users. Future updates may include support for additional languages and domains.",1
"Built with performance in mind, the platform enables you to analyze written content and determine whether it was generated by a human or an AI model, without needing any prior expertise in machine learning. Our AI-powered detector provides a seamless way to gain deeper insights into the authenticity of text appearing in your documents or projects, while maintaining an intuitive and user-friendly interface. Built with performance in mind, the platform enables you to enhance your workflow by adding a simple layer of AI-generated content detection, making AI more accessible and understandable for everyone.",1
"From a technical perspective, it is important to understand the role of natural language processing in modern software applications, which may assist organizations in making informed decisions. The primary objective of this system is to demonstrate the broader implications of deploying automated language models at scale, and this work contributes to the growing body of research on AI safety. Built with performance in mind, the platform enables you to quickly evaluate multiple samples of writing without manual inspection, while maintaining an intuitive and user-friendly interface. This classifier serves as a starting point for exploring responsible AI practices.",1
"You can think of the entire model as a sequence of stages: finally, the output is interpreted as either AI-generated or human-generated text, which allows the system to deliver predictions with minimal latency. From a technical perspective, it is important to understand the challenges associated with maintaining fairness, privacy, and reliability, thus highlighting the importance of robust evaluation pipelines. Our AI-powered detector provides a seamless way to improve transparency when sharing or reviewing AI-assisted writing, in just a few clicks directly from your browser. The interface can be customized to match different design preferences.",1
"Fr, I told myself I’d sleep early but it’s 3am and I’m still awake, I need a reset button for real. Dude, I was supposed to study but ended up scrolling reels for like two hours, I swear the universe is trolling me. My friends keep making plans and cancelling at the last minute.",0
"Whether you're a student, teacher, or developer, this application lets you analyze written content and determine whether it was generated by a human or an AI model, in just a few clicks directly from your browser. From a technical perspective, it is important to understand the role of natural language processing in modern software applications, in order to build more transparent and trustworthy AI systems. The primary objective of this system is to demonstrate the role of natural language processing in modern software applications, thus highlighting the importance of robust evaluation pipelines. Careful dataset curation remains essential for achieving reliable outcomes.",1
"Built with performance in mind, the platform enables you to improve transparency when sharing or reviewing AI-assisted writing, without needing any prior expertise in machine learning. Whether you're a student, teacher, or developer, this application lets you improve transparency when sharing or reviewing AI-assisted writing, while maintaining an intuitive and user-friendly interface. Integration with existing authentication systems can help secure access to the tool.",1
"At a high level, the system follows this workflow: finally, the output is interpreted as either AI-generated or human-generated text, overall, the pipeline is straightforward to implement using modern deep learning libraries. The classification pipeline can be broken down into several steps: next, the encoded text is passed through an embedding layer followed by an LSTM network, this makes the model suitable for real-time applications with moderate resource usage. Designed for modern creators, this tool helps you improve transparency when sharing or reviewing AI-assisted writing, so you can stay confident about the origin of your text. You can think of the entire model as a sequence of stages: next, the encoded text is passed through an embedding layer followed by an LSTM network, thereby creating a practical tool for educational and experimental purposes. This classifier serves as a starting point for exploring responsible AI practices.",1
"The detection mechanism relies on a simple but effective approach: next, the encoded text is passed through an embedding layer followed by an LSTM network, overall, the pipeline is straightforward to implement using modern deep learning libraries. You can think of the entire model as a sequence of stages: first, the raw text is tokenized and converted into numerical sequences, overall, the pipeline is straightforward to implement using modern deep learning libraries. In recent years, researchers have increasingly focused on how machine learning models can distinguish between human-written and AI-generated content, in order to build more transparent and trustworthy AI systems.",1
"Bro fr, I saved the file but now I can’t find where I saved it, I can’t even be mad, this is on me. Lowkey feeling like I opened my notes and instantly felt sleepy for no reason, and I still act surprised every time. Listen, I joined the online class and the teacher immediately took my name, it be like that sometimes fr. I was supposed to drink more water this week, but here we are.",0
"With this intelligent system, users can effortlessly analyze written content and determine whether it was generated by a human or an AI model, so you can stay confident about the origin of your text. This project aims to explore the broader implications of deploying automated language models at scale, in order to build more transparent and trustworthy AI systems. Whether you're a student, teacher, or developer, this application lets you enhance your workflow by adding a simple layer of AI-generated content detection, so you can stay confident about the origin of your text. The underlying architecture can be extended using transformer-based models.",1
"Lmao, I made maggi and still somehow managed to burn it, I really need to get my life together. Bruh, I joined the online class and the teacher immediately took my name, I’m just done at this point.",0
"Brooo, I literally forgot why I walked into the kitchen halfway there, I can’t even be mad, this is on me. Lowkey feeling like I was supposed to study but ended up scrolling reels for like two hours, and now I’m just here questioning my decisions. Not even kidding, the power went out right when the match was getting interesting, and I'm still pretending everything is fine. Brooo, I made maggi and still somehow managed to burn it, and I still act surprised every time. I’ll complain about being tired but still stay up late on my phone.",0
"Bruh, I saved the file but now I can’t find where I saved it, I’m just done at this point. Lmao, the app just crashed the exact second I hit save, and I'm still pretending everything is fine. Honestly, I opened my notes and instantly felt sleepy for no reason, I need a reset button for real.",0
"This project aims to explore how machine learning models can distinguish between human-written and AI-generated content, which ultimately benefits both developers and end users. The rapid growth of artificial intelligence has significantly influenced the challenges associated with maintaining fairness, privacy, and reliability, and this work contributes to the growing body of research on AI safety.",1
"The detection mechanism relies on a simple but effective approach: first, the raw text is tokenized and converted into numerical sequences, thereby creating a practical tool for educational and experimental purposes. With this intelligent system, users can effortlessly quickly evaluate multiple samples of writing without manual inspection, in just a few clicks directly from your browser. The overall design focuses on balancing accuracy, usability, and efficiency.",1
"With this intelligent system, users can effortlessly improve transparency when sharing or reviewing AI-assisted writing, while maintaining an intuitive and user-friendly interface. The classification pipeline can be broken down into several steps: then, these sequences are padded to a consistent length to form batches, as a result, developers can integrate the classifier into existing web applications. At a high level, the system follows this workflow: next, the encoded text is passed through an embedding layer followed by an LSTM network, thereby creating a practical tool for educational and experimental purposes. From a technical perspective, it is important to understand the challenges associated with maintaining fairness, privacy, and reliability, which ultimately benefits both developers and end users. Users are encouraged to provide feedback to continuously improve the tool.",1
"Bro fr, the power went out right when the match was getting interesting, it be like that sometimes fr. Bro, not gonna lie, my laptop sounds like a jet engine every time I open VS Code, I need a reset button for real. Lowkey feeling like the app just crashed the exact second I hit save, I need a reset button for real. Idk man, the bus was so crowded I couldn't even move my arm to check my phone, and honestly I only have myself to blame.",0
"In recent years, researchers have increasingly focused on the role of natural language processing in modern software applications, thus highlighting the importance of robust evaluation pipelines. The classification pipeline can be broken down into several steps: first, the raw text is tokenized and converted into numerical sequences, which allows the system to deliver predictions with minimal latency. The detection mechanism relies on a simple but effective approach: next, the encoded text is passed through an embedding layer followed by an LSTM network, this makes the model suitable for real-time applications with moderate resource usage.",1
"This project aims to explore the challenges associated with maintaining fairness, privacy, and reliability, which may assist organizations in making informed decisions. You can think of the entire model as a sequence of stages: after feature extraction, a dense layer with a sigmoid activation computes the final probability, which allows the system to deliver predictions with minimal latency. Our AI-powered detector provides a seamless way to enhance your workflow by adding a simple layer of AI-generated content detection, making AI more accessible and understandable for everyone. With this intelligent system, users can effortlessly gain deeper insights into the authenticity of text appearing in your documents or projects, so you can stay confident about the origin of your text.",1
"Designed for modern creators, this tool helps you gain deeper insights into the authenticity of text appearing in your documents or projects, in just a few clicks directly from your browser. Whether you're a student, teacher, or developer, this application lets you gain deeper insights into the authenticity of text appearing in your documents or projects, making AI more accessible and understandable for everyone. Whether you're a student, teacher, or developer, this application lets you gain deeper insights into the authenticity of text appearing in your documents or projects, making AI more accessible and understandable for everyone. In recent years, researchers have increasingly focused on various strategies for improving classification accuracy on real-world datasets, thus highlighting the importance of robust evaluation pipelines. Hybrid approaches that combine rules and machine learning may further boost performance.",1
"To understand how this model works, consider the following process: first, the raw text is tokenized and converted into numerical sequences, this makes the model suitable for real-time applications with moderate resource usage. Designed for modern creators, this tool helps you analyze written content and determine whether it was generated by a human or an AI model, while maintaining an intuitive and user-friendly interface. Whether you're a student, teacher, or developer, this application lets you quickly evaluate multiple samples of writing without manual inspection, so you can stay confident about the origin of your text. Hybrid approaches that combine rules and machine learning may further boost performance.",1
"Fr, the app just crashed the exact second I hit save, and honestly I only have myself to blame. Bro fr, I told myself I’d sleep early but it’s 3am and I’m still awake, it be like that sometimes fr.",0
"From a technical perspective, it is important to understand the broader implications of deploying automated language models at scale, and this work contributes to the growing body of research on AI safety. In recent years, researchers have increasingly focused on the challenges associated with maintaining fairness, privacy, and reliability, and this work contributes to the growing body of research on AI safety. From a technical perspective, it is important to understand the broader implications of deploying automated language models at scale, and this work contributes to the growing body of research on AI safety.",1
"Our AI-powered detector provides a seamless way to improve transparency when sharing or reviewing AI-assisted writing, so you can stay confident about the origin of your text. With this intelligent system, users can effortlessly enhance your workflow by adding a simple layer of AI-generated content detection, while maintaining an intuitive and user-friendly interface. Whether you're a student, teacher, or developer, this application lets you improve transparency when sharing or reviewing AI-assisted writing, making AI more accessible and understandable for everyone. With this intelligent system, users can effortlessly quickly evaluate multiple samples of writing without manual inspection, so you can stay confident about the origin of your text. Hybrid approaches that combine rules and machine learning may further boost performance.",1
"The primary objective of this system is to demonstrate the role of natural language processing in modern software applications, and this work contributes to the growing body of research on AI safety. Designed for modern creators, this tool helps you gain deeper insights into the authenticity of text appearing in your documents or projects, so you can stay confident about the origin of your text.",1
"Not even kidding, I literally forgot why I walked into the kitchen halfway there, and somehow this is becoming my daily routine. Fr, my wifi keeps dying whenever I actually decide to be productive, my life is actually a joke sometimes.",0
"Listen, I was supposed to study but ended up scrolling reels for like two hours, and somehow this is becoming my daily routine. Fr, my phone was at 5% and of course that’s when everyone decides to call, I can’t even be mad, this is on me.",0
"Not even kidding, the app just crashed the exact second I hit save, and honestly I only have myself to blame. Listen, the power went out right when the match was getting interesting, and now I’m just here questioning my decisions. Bro, not gonna lie, my laptop sounds like a jet engine every time I open VS Code, now I’m just staring at the screen like 💀. Honestly, I was so hungry that I finished my food in under five minutes, and honestly I only have myself to blame.",0
"Listen, I joined the online class and the teacher immediately took my name, and honestly I only have myself to blame. Lmao, I joined the online class and the teacher immediately took my name, I keep saying I'll change, but do I? No. Fr, I kept saying one last episode and somehow finished the whole season, and I'm still pretending everything is fine. Bruh, my phone was at 5% and of course that’s when everyone decides to call, and I'm still pretending everything is fine. My friends keep making plans and cancelling at the last minute.",0
"Fr, I joined the online class and the teacher immediately took my name, it be like that sometimes fr. No cap, I joined the online class and the teacher immediately took my name, and honestly I only have myself to blame. My screen time report is basically judging my whole existence.",0
"Dude, my wifi keeps dying whenever I actually decide to be productive, I can’t even be mad, this is on me. Bro fr, I opened my notes and instantly felt sleepy for no reason, I need a reset button for real.",0
"Listen, the bus was so crowded I couldn't even move my arm to check my phone, I really need to get my life together. Bro fr, my phone was at 5% and of course that’s when everyone decides to call, and honestly I only have myself to blame. The only thing consistent about me is my inconsistency.",0
"The classification pipeline can be broken down into several steps: finally, the output is interpreted as either AI-generated or human-generated text, which allows the system to deliver predictions with minimal latency. This project aims to explore various strategies for improving classification accuracy on real-world datasets, in order to build more transparent and trustworthy AI systems. The detection mechanism relies on a simple but effective approach: next, the encoded text is passed through an embedding layer followed by an LSTM network, overall, the pipeline is straightforward to implement using modern deep learning libraries. Designed for modern creators, this tool helps you gain deeper insights into the authenticity of text appearing in your documents or projects, so you can stay confident about the origin of your text. The overall design focuses on balancing accuracy, usability, and efficiency.",1
"At a high level, the system follows this workflow: after feature extraction, a dense layer with a sigmoid activation computes the final probability, overall, the pipeline is straightforward to implement using modern deep learning libraries. At a high level, the system follows this workflow: next, the encoded text is passed through an embedding layer followed by an LSTM network, as a result, developers can integrate the classifier into existing web applications. The underlying architecture can be extended using transformer-based models.",1
"Lowkey feeling like I was supposed to study but ended up scrolling reels for like two hours, and I'm still pretending everything is fine. No cap, my wifi keeps dying whenever I actually decide to be productive, like why does this always happen to me. Idk man, I literally forgot why I walked into the kitchen halfway there, I swear the universe is trolling me.",0
"The rapid growth of artificial intelligence has significantly influenced how machine learning models can distinguish between human-written and AI-generated content, in order to build more transparent and trustworthy AI systems. Our AI-powered detector provides a seamless way to enhance your workflow by adding a simple layer of AI-generated content detection, so you can stay confident about the origin of your text.",1
"Tbh, I was so hungry that I finished my food in under five minutes, I’m just done at this point. Lowkey feeling like the bus was so crowded I couldn't even move my arm to check my phone, like why does this always happen to me. No cap, I opened my notes and instantly felt sleepy for no reason, and honestly I only have myself to blame. Sometimes I open WhatsApp and forget why I opened it.",0
"This project aims to explore how machine learning models can distinguish between human-written and AI-generated content, which ultimately benefits both developers and end users. The classification pipeline can be broken down into several steps: finally, the output is interpreted as either AI-generated or human-generated text, thereby creating a practical tool for educational and experimental purposes. From a technical perspective, it is important to understand the challenges associated with maintaining fairness, privacy, and reliability, in order to build more transparent and trustworthy AI systems.",1
"Tbh, I literally forgot why I walked into the kitchen halfway there, it be like that sometimes fr. Bro fr, the power went out right when the match was getting interesting, and somehow this is becoming my daily routine. Bro, not gonna lie, I was supposed to study but ended up scrolling reels for like two hours, now I’m just staring at the screen like 💀. Honestly, the power went out right when the match was getting interesting, and honestly I only have myself to blame. I keep saying I’ll start going to the gym ‘next Monday’.",0
"Bruh, I literally forgot why I walked into the kitchen halfway there, like why does this always happen to me. Not even kidding, I kept saying one last episode and somehow finished the whole season, it be like that sometimes fr. Every time I say 'from tomorrow', that tomorrow never comes.",0
"Whether you're a student, teacher, or developer, this application lets you enhance your workflow by adding a simple layer of AI-generated content detection, while maintaining an intuitive and user-friendly interface. This project aims to explore the broader implications of deploying automated language models at scale, and this work contributes to the growing body of research on AI safety. Careful dataset curation remains essential for achieving reliable outcomes.",1
"The detection mechanism relies on a simple but effective approach: next, the encoded text is passed through an embedding layer followed by an LSTM network, thereby creating a practical tool for educational and experimental purposes. The rapid growth of artificial intelligence has significantly influenced various strategies for improving classification accuracy on real-world datasets, thus highlighting the importance of robust evaluation pipelines. The interface can be customized to match different design preferences.",1
"Whether you're a student, teacher, or developer, this application lets you gain deeper insights into the authenticity of text appearing in your documents or projects, so you can stay confident about the origin of your text. Built with performance in mind, the platform enables you to quickly evaluate multiple samples of writing without manual inspection, in just a few clicks directly from your browser. The classification pipeline can be broken down into several steps: next, the encoded text is passed through an embedding layer followed by an LSTM network, as a result, developers can integrate the classifier into existing web applications. Our AI-powered detector provides a seamless way to quickly evaluate multiple samples of writing without manual inspection, while maintaining an intuitive and user-friendly interface. Future updates may include support for additional languages and domains.",1
"Tbh, the app just crashed the exact second I hit save, I really need to get my life together. Bro fr, my phone was at 5% and of course that’s when everyone decides to call, and I'm still pretending everything is fine. Real talk, I made maggi and still somehow managed to burn it, I keep saying I'll change, but do I? No. Not even kidding, I joined the online class and the teacher immediately took my name, and I still act surprised every time.",0
"With this intelligent system, users can effortlessly enhance your workflow by adding a simple layer of AI-generated content detection, so you can stay confident about the origin of your text. To understand how this model works, consider the following process: next, the encoded text is passed through an embedding layer followed by an LSTM network, thereby creating a practical tool for educational and experimental purposes. Designed for modern creators, this tool helps you improve transparency when sharing or reviewing AI-assisted writing, in just a few clicks directly from your browser. At a high level, the system follows this workflow: after feature extraction, a dense layer with a sigmoid activation computes the final probability, which allows the system to deliver predictions with minimal latency.",1
"Brooo, I kept saying one last episode and somehow finished the whole season, and I'm still pretending everything is fine. Listen, I was so hungry that I finished my food in under five minutes, I keep saying I'll change, but do I? No. The only thing consistent about me is my inconsistency.",0
"Not even kidding, I literally forgot why I walked into the kitchen halfway there, I swear the universe is trolling me. Bro fr, my wifi keeps dying whenever I actually decide to be productive, and I still act surprised every time. Real talk, the app just crashed the exact second I hit save, and honestly I only have myself to blame. Idk man, I was so hungry that I finished my food in under five minutes, and I'm still pretending everything is fine. The only thing consistent about me is my inconsistency.",0
"Bro, not gonna lie, I told myself I’d sleep early but it’s 3am and I’m still awake, now I’m just staring at the screen like 💀. Lowkey feeling like I was supposed to study but ended up scrolling reels for like two hours, it be like that sometimes fr. Bruh, I opened my notes and instantly felt sleepy for no reason, and now I’m just here questioning my decisions. Dude, the bus was so crowded I couldn't even move my arm to check my phone, it be like that sometimes fr.",0
"Bruh, I literally forgot why I walked into the kitchen halfway there, it be like that sometimes fr. Bruh, the app just crashed the exact second I hit save, now I’m just staring at the screen like 💀. Real talk, my laptop sounds like a jet engine every time I open VS Code, I need a reset button for real. Every time I say 'from tomorrow', that tomorrow never comes.",0
"This project aims to explore the broader implications of deploying automated language models at scale, which may assist organizations in making informed decisions. The primary objective of this system is to demonstrate how machine learning models can distinguish between human-written and AI-generated content, which may assist organizations in making informed decisions.",1
"Real talk, my wifi keeps dying whenever I actually decide to be productive, and honestly I only have myself to blame. Listen, my phone was at 5% and of course that’s when everyone decides to call, I keep saying I'll change, but do I? No. Honestly, the bus was so crowded I couldn't even move my arm to check my phone, like why does this always happen to me. Sometimes I open WhatsApp and forget why I opened it.",0
"Bro, not gonna lie, I was so hungry that I finished my food in under five minutes, and I still act surprised every time. Listen, the power went out right when the match was getting interesting, now I’m just staring at the screen like 💀. Lowkey feeling like I kept saying one last episode and somehow finished the whole season, like why does this always happen to me.",0
"To understand how this model works, consider the following process: after feature extraction, a dense layer with a sigmoid activation computes the final probability, thereby creating a practical tool for educational and experimental purposes. The rapid growth of artificial intelligence has significantly influenced how machine learning models can distinguish between human-written and AI-generated content, and this work contributes to the growing body of research on AI safety. Designed for modern creators, this tool helps you enhance your workflow by adding a simple layer of AI-generated content detection, making AI more accessible and understandable for everyone. The classification pipeline can be broken down into several steps: next, the encoded text is passed through an embedding layer followed by an LSTM network, overall, the pipeline is straightforward to implement using modern deep learning libraries. Future updates may include support for additional languages and domains.",1
"At a high level, the system follows this workflow: after feature extraction, a dense layer with a sigmoid activation computes the final probability, this makes the model suitable for real-time applications with moderate resource usage. Built with performance in mind, the platform enables you to gain deeper insights into the authenticity of text appearing in your documents or projects, in just a few clicks directly from your browser. With this intelligent system, users can effortlessly analyze written content and determine whether it was generated by a human or an AI model, so you can stay confident about the origin of your text. From a technical perspective, it is important to understand the challenges associated with maintaining fairness, privacy, and reliability, thus highlighting the importance of robust evaluation pipelines. Integration with existing authentication systems can help secure access to the tool.",1
"Lowkey feeling like I joined the online class and the teacher immediately took my name, I need a reset button for real. Lmao, the power went out right when the match was getting interesting, and I'm still pretending everything is fine.",0
"From a technical perspective, it is important to understand various strategies for improving classification accuracy on real-world datasets, which ultimately benefits both developers and end users. The classification pipeline can be broken down into several steps: finally, the output is interpreted as either AI-generated or human-generated text, this makes the model suitable for real-time applications with moderate resource usage. The detection mechanism relies on a simple but effective approach: first, the raw text is tokenized and converted into numerical sequences, as a result, developers can integrate the classifier into existing web applications. The classification pipeline can be broken down into several steps: after feature extraction, a dense layer with a sigmoid activation computes the final probability, as a result, developers can integrate the classifier into existing web applications. Integration with existing authentication systems can help secure access to the tool.",1
"No cap, the power went out right when the match was getting interesting, I’m just done at this point. Brooo, I joined the online class and the teacher immediately took my name, I keep saying I'll change, but do I? No. Not even kidding, my laptop sounds like a jet engine every time I open VS Code, now I’m just staring at the screen like 💀.",0
"In recent years, researchers have increasingly focused on various strategies for improving classification accuracy on real-world datasets, which ultimately benefits both developers and end users. Our AI-powered detector provides a seamless way to quickly evaluate multiple samples of writing without manual inspection, making AI more accessible and understandable for everyone. Our AI-powered detector provides a seamless way to gain deeper insights into the authenticity of text appearing in your documents or projects, without needing any prior expertise in machine learning. Hybrid approaches that combine rules and machine learning may further boost performance.",1
"The rapid growth of artificial intelligence has significantly influenced the challenges associated with maintaining fairness, privacy, and reliability, which ultimately benefits both developers and end users. At a high level, the system follows this workflow: after feature extraction, a dense layer with a sigmoid activation computes the final probability, overall, the pipeline is straightforward to implement using modern deep learning libraries. To understand how this model works, consider the following process: then, these sequences are padded to a consistent length to form batches, thereby creating a practical tool for educational and experimental purposes. The interface can be customized to match different design preferences.",1
"Bro fr, the power went out right when the match was getting interesting, and honestly I only have myself to blame. Dude, my wifi keeps dying whenever I actually decide to be productive, and somehow this is becoming my daily routine. Idk man, I was supposed to study but ended up scrolling reels for like two hours, I can’t even be mad, this is on me. Tbh, I literally forgot why I walked into the kitchen halfway there, it be like that sometimes fr. Every time I say 'from tomorrow', that tomorrow never comes.",0
"Designed for modern creators, this tool helps you analyze written content and determine whether it was generated by a human or an AI model, making AI more accessible and understandable for everyone. The classification pipeline can be broken down into several steps: next, the encoded text is passed through an embedding layer followed by an LSTM network, as a result, developers can integrate the classifier into existing web applications. The primary objective of this system is to demonstrate the challenges associated with maintaining fairness, privacy, and reliability, in order to build more transparent and trustworthy AI systems. The detection mechanism relies on a simple but effective approach: finally, the output is interpreted as either AI-generated or human-generated text, which allows the system to deliver predictions with minimal latency. Future updates may include support for additional languages and domains.",1
"To understand how this model works, consider the following process: next, the encoded text is passed through an embedding layer followed by an LSTM network, thereby creating a practical tool for educational and experimental purposes. Designed for modern creators, this tool helps you analyze written content and determine whether it was generated by a human or an AI model, so you can stay confident about the origin of your text. To understand how this model works, consider the following process: first, the raw text is tokenized and converted into numerical sequences, this makes the model suitable for real-time applications with moderate resource usage.",1
"The detection mechanism relies on a simple but effective approach: next, the encoded text is passed through an embedding layer followed by an LSTM network, overall, the pipeline is straightforward to implement using modern deep learning libraries. This project aims to explore various strategies for improving classification accuracy on real-world datasets, thus highlighting the importance of robust evaluation pipelines. With this intelligent system, users can effortlessly enhance your workflow by adding a simple layer of AI-generated content detection, without needing any prior expertise in machine learning. This classifier serves as a starting point for exploring responsible AI practices.",1
"Idk man, my laptop sounds like a jet engine every time I open VS Code, I swear the universe is trolling me. Listen, I kept saying one last episode and somehow finished the whole season, and honestly I only have myself to blame. Lowkey feeling like my wifi keeps dying whenever I actually decide to be productive, and I still act surprised every time. Dude, I told myself I’d sleep early but it’s 3am and I’m still awake, and I'm still pretending everything is fine.",0
"Bro fr, I was supposed to study but ended up scrolling reels for like two hours, and somehow this is becoming my daily routine. No cap, I was supposed to study but ended up scrolling reels for like two hours, and now I’m just here questioning my decisions. Idk man, I told myself I’d sleep early but it’s 3am and I’m still awake, I’m just done at this point. Lmao, the power went out right when the match was getting interesting, I really need to get my life together. Every time I say 'from tomorrow', that tomorrow never comes.",0
"Dude, I joined the online class and the teacher immediately took my name, and now I’m just here questioning my decisions. Bruh, I was so hungry that I finished my food in under five minutes, and honestly I only have myself to blame. I was supposed to drink more water this week, but here we are.",0
"Not even kidding, my laptop sounds like a jet engine every time I open VS Code, and somehow this is becoming my daily routine. Bruh, I saved the file but now I can’t find where I saved it, I swear the universe is trolling me. Not even kidding, I joined the online class and the teacher immediately took my name, and honestly I only have myself to blame. Not even kidding, the power went out right when the match was getting interesting, I swear the universe is trolling me.",0
"Not even kidding, I told myself I’d sleep early but it’s 3am and I’m still awake, and I'm still pretending everything is fine. Bruh, I was supposed to study but ended up scrolling reels for like two hours, I swear the universe is trolling me. Honestly, the power went out right when the match was getting interesting, and somehow this is becoming my daily routine. I’ll complain about being tired but still stay up late on my phone.",0
"Bruh, I was so hungry that I finished my food in under five minutes, I swear the universe is trolling me. Lowkey feeling like I joined the online class and the teacher immediately took my name, now I’m just staring at the screen like 💀. Listen, my phone was at 5% and of course that’s when everyone decides to call, and somehow this is becoming my daily routine. I was supposed to drink more water this week, but here we are.",0
"Bro fr, I opened my notes and instantly felt sleepy for no reason, and I still act surprised every time. Honestly, the power went out right when the match was getting interesting, and I still act surprised every time.",0
"Tbh, the bus was so crowded I couldn't even move my arm to check my phone, like why does this always happen to me. Not even kidding, I kept saying one last episode and somehow finished the whole season, I’m just done at this point. My screen time report is basically judging my whole existence.",0
"With this intelligent system, users can effortlessly analyze written content and determine whether it was generated by a human or an AI model, without needing any prior expertise in machine learning. From a technical perspective, it is important to understand the role of natural language processing in modern software applications, which ultimately benefits both developers and end users. Built with performance in mind, the platform enables you to gain deeper insights into the authenticity of text appearing in your documents or projects, without needing any prior expertise in machine learning. The detection mechanism relies on a simple but effective approach: next, the encoded text is passed through an embedding layer followed by an LSTM network, overall, the pipeline is straightforward to implement using modern deep learning libraries. Integration with existing authentication systems can help secure access to the tool.",1
"Whether you're a student, teacher, or developer, this application lets you analyze written content and determine whether it was generated by a human or an AI model, while maintaining an intuitive and user-friendly interface. To understand how this model works, consider the following process: after feature extraction, a dense layer with a sigmoid activation computes the final probability, thereby creating a practical tool for educational and experimental purposes. The rapid growth of artificial intelligence has significantly influenced how machine learning models can distinguish between human-written and AI-generated content, thus highlighting the importance of robust evaluation pipelines. Future updates may include support for additional languages and domains.",1
"Lmao, I kept saying one last episode and somehow finished the whole season, I swear the universe is trolling me. Listen, my laptop sounds like a jet engine every time I open VS Code, it be like that sometimes fr. Bro, not gonna lie, I was so hungry that I finished my food in under five minutes, I really need to get my life together. Tbh, I was so hungry that I finished my food in under five minutes, I keep saying I'll change, but do I? No. Sometimes I open WhatsApp and forget why I opened it.",0
"You can think of the entire model as a sequence of stages: finally, the output is interpreted as either AI-generated or human-generated text, as a result, developers can integrate the classifier into existing web applications. Whether you're a student, teacher, or developer, this application lets you analyze written content and determine whether it was generated by a human or an AI model, making AI more accessible and understandable for everyone. The primary objective of this system is to demonstrate the challenges associated with maintaining fairness, privacy, and reliability, thus highlighting the importance of robust evaluation pipelines. The detection mechanism relies on a simple but effective approach: then, these sequences are padded to a consistent length to form batches, this makes the model suitable for real-time applications with moderate resource usage. The overall design focuses on balancing accuracy, usability, and efficiency.",1
"Real talk, I joined the online class and the teacher immediately took my name, and honestly I only have myself to blame. Lmao, my wifi keeps dying whenever I actually decide to be productive, and somehow this is becoming my daily routine.",0
"You can think of the entire model as a sequence of stages: next, the encoded text is passed through an embedding layer followed by an LSTM network, which allows the system to deliver predictions with minimal latency. Our AI-powered detector provides a seamless way to improve transparency when sharing or reviewing AI-assisted writing, without needing any prior expertise in machine learning. Built with performance in mind, the platform enables you to analyze written content and determine whether it was generated by a human or an AI model, while maintaining an intuitive and user-friendly interface. Whether you're a student, teacher, or developer, this application lets you gain deeper insights into the authenticity of text appearing in your documents or projects, while maintaining an intuitive and user-friendly interface. The underlying architecture can be extended using transformer-based models.",1
"No cap, I saved the file but now I can’t find where I saved it, it be like that sometimes fr. No cap, I joined the online class and the teacher immediately took my name, my life is actually a joke sometimes.",0
"Our AI-powered detector provides a seamless way to analyze written content and determine whether it was generated by a human or an AI model, without needing any prior expertise in machine learning. To understand how this model works, consider the following process: after feature extraction, a dense layer with a sigmoid activation computes the final probability, as a result, developers can integrate the classifier into existing web applications. To understand how this model works, consider the following process: next, the encoded text is passed through an embedding layer followed by an LSTM network, overall, the pipeline is straightforward to implement using modern deep learning libraries. The overall design focuses on balancing accuracy, usability, and efficiency.",1
"The primary objective of this system is to demonstrate the challenges associated with maintaining fairness, privacy, and reliability, thus highlighting the importance of robust evaluation pipelines. The classification pipeline can be broken down into several steps: first, the raw text is tokenized and converted into numerical sequences, this makes the model suitable for real-time applications with moderate resource usage. To understand how this model works, consider the following process: finally, the output is interpreted as either AI-generated or human-generated text, thereby creating a practical tool for educational and experimental purposes. The primary objective of this system is to demonstrate the challenges associated with maintaining fairness, privacy, and reliability, which ultimately benefits both developers and end users. Careful dataset curation remains essential for achieving reliable outcomes.",1
"Not even kidding, my laptop sounds like a jet engine every time I open VS Code, I swear the universe is trolling me. Fr, I told myself I’d sleep early but it’s 3am and I’m still awake, I’m just done at this point. Fr, I was supposed to study but ended up scrolling reels for like two hours, I swear the universe is trolling me. I keep setting alarms and then snoozing all of them.",0
"Honestly, I was supposed to study but ended up scrolling reels for like two hours, like why does this always happen to me. Dude, my wifi keeps dying whenever I actually decide to be productive, and now I’m just here questioning my decisions. Tbh, I saved the file but now I can’t find where I saved it, I really need to get my life together. I’ll complain about being tired but still stay up late on my phone.",0
"Lmao, I literally forgot why I walked into the kitchen halfway there, I can’t even be mad, this is on me. Tbh, I literally forgot why I walked into the kitchen halfway there, now I’m just staring at the screen like 💀. Bro, not gonna lie, I told myself I’d sleep early but it’s 3am and I’m still awake, and somehow this is becoming my daily routine. Dude, my phone was at 5% and of course that’s when everyone decides to call, and now I’m just here questioning my decisions. I keep setting alarms and then snoozing all of them.",0
"Whether you're a student, teacher, or developer, this application lets you enhance your workflow by adding a simple layer of AI-generated content detection, without needing any prior expertise in machine learning. From a technical perspective, it is important to understand how machine learning models can distinguish between human-written and AI-generated content, in order to build more transparent and trustworthy AI systems. This project aims to explore the role of natural language processing in modern software applications, which ultimately benefits both developers and end users. In recent years, researchers have increasingly focused on various strategies for improving classification accuracy on real-world datasets, and this work contributes to the growing body of research on AI safety. The overall design focuses on balancing accuracy, usability, and efficiency.",1
"Our AI-powered detector provides a seamless way to gain deeper insights into the authenticity of text appearing in your documents or projects, without needing any prior expertise in machine learning. At a high level, the system follows this workflow: after feature extraction, a dense layer with a sigmoid activation computes the final probability, this makes the model suitable for real-time applications with moderate resource usage. The detection mechanism relies on a simple but effective approach: first, the raw text is tokenized and converted into numerical sequences, this makes the model suitable for real-time applications with moderate resource usage. To understand how this model works, consider the following process: first, the raw text is tokenized and converted into numerical sequences, as a result, developers can integrate the classifier into existing web applications. Careful dataset curation remains essential for achieving reliable outcomes.",1
"Fr, I opened my notes and instantly felt sleepy for no reason, like why does this always happen to me. Idk man, I was supposed to study but ended up scrolling reels for like two hours, my life is actually a joke sometimes. Honestly, I literally forgot why I walked into the kitchen halfway there, now I’m just staring at the screen like 💀. My screen time report is basically judging my whole existence.",0
"Honestly, I told myself I’d sleep early but it’s 3am and I’m still awake, I swear the universe is trolling me. Not even kidding, the power went out right when the match was getting interesting, it be like that sometimes fr. Lmao, my laptop sounds like a jet engine every time I open VS Code, I really need to get my life together. Tbh, I joined the online class and the teacher immediately took my name, and now I’m just here questioning my decisions. Half my day is just me thinking about what to eat next.",0
"Honestly, the power went out right when the match was getting interesting, I’m just done at this point. Idk man, I kept saying one last episode and somehow finished the whole season, I can’t even be mad, this is on me. Tbh, the bus was so crowded I couldn't even move my arm to check my phone, I can’t even be mad, this is on me. Tbh, I joined the online class and the teacher immediately took my name, and honestly I only have myself to blame. The only thing consistent about me is my inconsistency.",0
"Brooo, I joined the online class and the teacher immediately took my name, and somehow this is becoming my daily routine. Bruh, I kept saying one last episode and somehow finished the whole season, I can’t even be mad, this is on me. Lmao, I opened my notes and instantly felt sleepy for no reason, I need a reset button for real. Dude, I joined the online class and the teacher immediately took my name, I swear the universe is trolling me. The only thing consistent about me is my inconsistency.",0
"At a high level, the system follows this workflow: then, these sequences are padded to a consistent length to form batches, thereby creating a practical tool for educational and experimental purposes. Our AI-powered detector provides a seamless way to gain deeper insights into the authenticity of text appearing in your documents or projects, so you can stay confident about the origin of your text.",1
"Brooo, I opened my notes and instantly felt sleepy for no reason, and somehow this is becoming my daily routine. Bruh, I opened my notes and instantly felt sleepy for no reason, and somehow this is becoming my daily routine. Idk man, I opened my notes and instantly felt sleepy for no reason, I can’t even be mad, this is on me.",0
"You can think of the entire model as a sequence of stages: after feature extraction, a dense layer with a sigmoid activation computes the final probability, overall, the pipeline is straightforward to implement using modern deep learning libraries. With this intelligent system, users can effortlessly improve transparency when sharing or reviewing AI-assisted writing, while maintaining an intuitive and user-friendly interface. Whether you're a student, teacher, or developer, this application lets you improve transparency when sharing or reviewing AI-assisted writing, without needing any prior expertise in machine learning. The overall design focuses on balancing accuracy, usability, and efficiency.",1
"Whether you're a student, teacher, or developer, this application lets you gain deeper insights into the authenticity of text appearing in your documents or projects, making AI more accessible and understandable for everyone. The detection mechanism relies on a simple but effective approach: finally, the output is interpreted as either AI-generated or human-generated text, overall, the pipeline is straightforward to implement using modern deep learning libraries. This project aims to explore the broader implications of deploying automated language models at scale, which ultimately benefits both developers and end users. Designed for modern creators, this tool helps you gain deeper insights into the authenticity of text appearing in your documents or projects, while maintaining an intuitive and user-friendly interface. Careful dataset curation remains essential for achieving reliable outcomes.",1
"The classification pipeline can be broken down into several steps: next, the encoded text is passed through an embedding layer followed by an LSTM network, this makes the model suitable for real-time applications with moderate resource usage. Designed for modern creators, this tool helps you improve transparency when sharing or reviewing AI-assisted writing, while maintaining an intuitive and user-friendly interface. Designed for modern creators, this tool helps you enhance your workflow by adding a simple layer of AI-generated content detection, in just a few clicks directly from your browser. Careful dataset curation remains essential for achieving reliable outcomes.",1
"Bro, not gonna lie, I made maggi and still somehow managed to burn it, I keep saying I'll change, but do I? No. No cap, I was supposed to study but ended up scrolling reels for like two hours, I can’t even be mad, this is on me. No cap, I kept saying one last episode and somehow finished the whole season, and honestly I only have myself to blame. Lowkey feeling like I opened my notes and instantly felt sleepy for no reason, and I still act surprised every time.",0
"Lmao, the app just crashed the exact second I hit save, and honestly I only have myself to blame. Bro, not gonna lie, the bus was so crowded I couldn't even move my arm to check my phone, and now I’m just here questioning my decisions.",0
"This project aims to explore the broader implications of deploying automated language models at scale, thus highlighting the importance of robust evaluation pipelines. At a high level, the system follows this workflow: first, the raw text is tokenized and converted into numerical sequences, overall, the pipeline is straightforward to implement using modern deep learning libraries. The classification pipeline can be broken down into several steps: then, these sequences are padded to a consistent length to form batches, overall, the pipeline is straightforward to implement using modern deep learning libraries. This classifier serves as a starting point for exploring responsible AI practices.",1
"Designed for modern creators, this tool helps you analyze written content and determine whether it was generated by a human or an AI model, while maintaining an intuitive and user-friendly interface. To understand how this model works, consider the following process: then, these sequences are padded to a consistent length to form batches, as a result, developers can integrate the classifier into existing web applications. To understand how this model works, consider the following process: first, the raw text is tokenized and converted into numerical sequences, as a result, developers can integrate the classifier into existing web applications. Users are encouraged to provide feedback to continuously improve the tool.",1
"The primary objective of this system is to demonstrate the role of natural language processing in modern software applications, thus highlighting the importance of robust evaluation pipelines. This project aims to explore how machine learning models can distinguish between human-written and AI-generated content, which ultimately benefits both developers and end users. Integration with existing authentication systems can help secure access to the tool.",1
"Idk man, I saved the file but now I can’t find where I saved it, and I still act surprised every time. Real talk, I was so hungry that I finished my food in under five minutes, like why does this always happen to me. The only thing consistent about me is my inconsistency.",0
"In recent years, researchers have increasingly focused on how machine learning models can distinguish between human-written and AI-generated content, in order to build more transparent and trustworthy AI systems. You can think of the entire model as a sequence of stages: after feature extraction, a dense layer with a sigmoid activation computes the final probability, which allows the system to deliver predictions with minimal latency.",1
"From a technical perspective, it is important to understand the challenges associated with maintaining fairness, privacy, and reliability, and this work contributes to the growing body of research on AI safety. From a technical perspective, it is important to understand how machine learning models can distinguish between human-written and AI-generated content, which ultimately benefits both developers and end users. To understand how this model works, consider the following process: next, the encoded text is passed through an embedding layer followed by an LSTM network, this makes the model suitable for real-time applications with moderate resource usage. From a technical perspective, it is important to understand how machine learning models can distinguish between human-written and AI-generated content, thus highlighting the importance of robust evaluation pipelines. Users are encouraged to provide feedback to continuously improve the tool.",1
"Idk man, I opened my notes and instantly felt sleepy for no reason, I can’t even be mad, this is on me. Bruh, I was supposed to study but ended up scrolling reels for like two hours, I can’t even be mad, this is on me. I was supposed to drink more water this week, but here we are.",0
"Lowkey feeling like I joined the online class and the teacher immediately took my name, like why does this always happen to me. Tbh, I joined the online class and the teacher immediately took my name, and somehow this is becoming my daily routine. Idk man, my phone was at 5% and of course that’s when everyone decides to call, my life is actually a joke sometimes. Bro, not gonna lie, my laptop sounds like a jet engine every time I open VS Code, and honestly I only have myself to blame. I keep setting alarms and then snoozing all of them.",0
"Whether you're a student, teacher, or developer, this application lets you improve transparency when sharing or reviewing AI-assisted writing, so you can stay confident about the origin of your text. This project aims to explore the role of natural language processing in modern software applications, in order to build more transparent and trustworthy AI systems. To understand how this model works, consider the following process: finally, the output is interpreted as either AI-generated or human-generated text, thereby creating a practical tool for educational and experimental purposes. From a technical perspective, it is important to understand the challenges associated with maintaining fairness, privacy, and reliability, and this work contributes to the growing body of research on AI safety. Hybrid approaches that combine rules and machine learning may further boost performance.",1
"Bro, not gonna lie, I was supposed to study but ended up scrolling reels for like two hours, I need a reset button for real. Not even kidding, I opened my notes and instantly felt sleepy for no reason, I really need to get my life together. Bruh, the bus was so crowded I couldn't even move my arm to check my phone, I need a reset button for real. Honestly, my phone was at 5% and of course that’s when everyone decides to call, I need a reset button for real. Every time I say 'from tomorrow', that tomorrow never comes.",0
"Dude, I joined the online class and the teacher immediately took my name, I really need to get my life together. Listen, the app just crashed the exact second I hit save, I can’t even be mad, this is on me.",0
"Honestly, I told myself I’d sleep early but it’s 3am and I’m still awake, and somehow this is becoming my daily routine. Brooo, I was so hungry that I finished my food in under five minutes, now I’m just staring at the screen like 💀.",0
"Bruh, I was so hungry that I finished my food in under five minutes, I keep saying I'll change, but do I? No. Brooo, my wifi keeps dying whenever I actually decide to be productive, like why does this always happen to me. Brooo, I saved the file but now I can’t find where I saved it, and honestly I only have myself to blame. Sometimes I open WhatsApp and forget why I opened it.",0
"Honestly, I kept saying one last episode and somehow finished the whole season, I’m just done at this point. Dude, I opened my notes and instantly felt sleepy for no reason, and honestly I only have myself to blame. Lmao, I made maggi and still somehow managed to burn it, and I still act surprised every time. The only thing consistent about me is my inconsistency.",0
"In recent years, researchers have increasingly focused on various strategies for improving classification accuracy on real-world datasets, in order to build more transparent and trustworthy AI systems. Whether you're a student, teacher, or developer, this application lets you enhance your workflow by adding a simple layer of AI-generated content detection, without needing any prior expertise in machine learning. You can think of the entire model as a sequence of stages: after feature extraction, a dense layer with a sigmoid activation computes the final probability, this makes the model suitable for real-time applications with moderate resource usage. The primary objective of this system is to demonstrate the role of natural language processing in modern software applications, thus highlighting the importance of robust evaluation pipelines. Careful dataset curation remains essential for achieving reliable outcomes.",1
"Whether you're a student, teacher, or developer, this application lets you analyze written content and determine whether it was generated by a human or an AI model, while maintaining an intuitive and user-friendly interface. Our AI-powered detector provides a seamless way to improve transparency when sharing or reviewing AI-assisted writing, while maintaining an intuitive and user-friendly interface. Future updates may include support for additional languages and domains.",1
"Not even kidding, the power went out right when the match was getting interesting, my life is actually a joke sometimes. Not even kidding, I joined the online class and the teacher immediately took my name, I can’t even be mad, this is on me. I was supposed to drink more water this week, but here we are.",0
"Listen, I literally forgot why I walked into the kitchen halfway there, I keep saying I'll change, but do I? No. Idk man, I kept saying one last episode and somehow finished the whole season, and somehow this is becoming my daily routine. Idk man, I told myself I’d sleep early but it’s 3am and I’m still awake, and I still act surprised every time.",0
"At a high level, the system follows this workflow: first, the raw text is tokenized and converted into numerical sequences, as a result, developers can integrate the classifier into existing web applications. From a technical perspective, it is important to understand how machine learning models can distinguish between human-written and AI-generated content, and this work contributes to the growing body of research on AI safety. Future updates may include support for additional languages and domains.",1
"Bro fr, I opened my notes and instantly felt sleepy for no reason, and honestly I only have myself to blame. Tbh, my phone was at 5% and of course that’s when everyone decides to call, now I’m just staring at the screen like 💀. Lmao, I was supposed to study but ended up scrolling reels for like two hours, now I’m just staring at the screen like 💀. My screen time report is basically judging my whole existence.",0
"Lmao, I told myself I’d sleep early but it’s 3am and I’m still awake, and honestly I only have myself to blame. Lmao, the power went out right when the match was getting interesting, my life is actually a joke sometimes. Brooo, I told myself I’d sleep early but it’s 3am and I’m still awake, and I'm still pretending everything is fine. Bro, not gonna lie, the bus was so crowded I couldn't even move my arm to check my phone, and I'm still pretending everything is fine.",0
"Our AI-powered detector provides a seamless way to quickly evaluate multiple samples of writing without manual inspection, in just a few clicks directly from your browser. The detection mechanism relies on a simple but effective approach: then, these sequences are padded to a consistent length to form batches, this makes the model suitable for real-time applications with moderate resource usage. Logging and monitoring are recommended when deploying the system in production.",1
"Built with performance in mind, the platform enables you to gain deeper insights into the authenticity of text appearing in your documents or projects, making AI more accessible and understandable for everyone. This project aims to explore how machine learning models can distinguish between human-written and AI-generated content, which may assist organizations in making informed decisions. At a high level, the system follows this workflow: first, the raw text is tokenized and converted into numerical sequences, as a result, developers can integrate the classifier into existing web applications. The classification pipeline can be broken down into several steps: then, these sequences are padded to a consistent length to form batches, as a result, developers can integrate the classifier into existing web applications. Logging and monitoring are recommended when deploying the system in production.",1
"You can think of the entire model as a sequence of stages: finally, the output is interpreted as either AI-generated or human-generated text, as a result, developers can integrate the classifier into existing web applications. Built with performance in mind, the platform enables you to analyze written content and determine whether it was generated by a human or an AI model, making AI more accessible and understandable for everyone.",1
"Bro fr, I literally forgot why I walked into the kitchen halfway there, it be like that sometimes fr. Lowkey feeling like the power went out right when the match was getting interesting, and I still act surprised every time. Fr, I made maggi and still somehow managed to burn it, now I’m just staring at the screen like 💀. I’ll complain about being tired but still stay up late on my phone.",0
"This project aims to explore the role of natural language processing in modern software applications, which ultimately benefits both developers and end users. You can think of the entire model as a sequence of stages: next, the encoded text is passed through an embedding layer followed by an LSTM network, as a result, developers can integrate the classifier into existing web applications.",1
"No cap, the power went out right when the match was getting interesting, like why does this always happen to me. Lowkey feeling like I told myself I’d sleep early but it’s 3am and I’m still awake, and honestly I only have myself to blame. The only thing consistent about me is my inconsistency.",0
"Fr, my phone was at 5% and of course that’s when everyone decides to call, I can’t even be mad, this is on me. No cap, I made maggi and still somehow managed to burn it, I swear the universe is trolling me. Dude, I was so hungry that I finished my food in under five minutes, and I'm still pretending everything is fine. Bro fr, I saved the file but now I can’t find where I saved it, I need a reset button for real. I keep setting alarms and then snoozing all of them.",0
"No cap, the bus was so crowded I couldn't even move my arm to check my phone, it be like that sometimes fr. Listen, I made maggi and still somehow managed to burn it, I need a reset button for real.",0
"Bro, not gonna lie, the power went out right when the match was getting interesting, it be like that sometimes fr. Idk man, my wifi keeps dying whenever I actually decide to be productive, like why does this always happen to me. I’ll complain about being tired but still stay up late on my phone.",0
"Idk man, my phone was at 5% and of course that’s when everyone decides to call, it be like that sometimes fr. Tbh, the power went out right when the match was getting interesting, and I'm still pretending everything is fine. No cap, my laptop sounds like a jet engine every time I open VS Code, and now I’m just here questioning my decisions. Lowkey feeling like I joined the online class and the teacher immediately took my name, like why does this always happen to me. Sometimes I open WhatsApp and forget why I opened it.",0
"Whether you're a student, teacher, or developer, this application lets you gain deeper insights into the authenticity of text appearing in your documents or projects, making AI more accessible and understandable for everyone. Designed for modern creators, this tool helps you quickly evaluate multiple samples of writing without manual inspection, without needing any prior expertise in machine learning. Designed for modern creators, this tool helps you enhance your workflow by adding a simple layer of AI-generated content detection, in just a few clicks directly from your browser.",1
"The classification pipeline can be broken down into several steps: next, the encoded text is passed through an embedding layer followed by an LSTM network, this makes the model suitable for real-time applications with moderate resource usage. Built with performance in mind, the platform enables you to quickly evaluate multiple samples of writing without manual inspection, in just a few clicks directly from your browser. This project aims to explore various strategies for improving classification accuracy on real-world datasets, which may assist organizations in making informed decisions.",1
"Dude, my wifi keeps dying whenever I actually decide to be productive, and I'm still pretending everything is fine. Honestly, I saved the file but now I can’t find where I saved it, I can’t even be mad, this is on me. The only thing consistent about me is my inconsistency.",0
"Our AI-powered detector provides a seamless way to improve transparency when sharing or reviewing AI-assisted writing, making AI more accessible and understandable for everyone. With this intelligent system, users can effortlessly enhance your workflow by adding a simple layer of AI-generated content detection, so you can stay confident about the origin of your text. Careful dataset curation remains essential for achieving reliable outcomes.",1
"From a technical perspective, it is important to understand how machine learning models can distinguish between human-written and AI-generated content, which ultimately benefits both developers and end users. Designed for modern creators, this tool helps you improve transparency when sharing or reviewing AI-assisted writing, while maintaining an intuitive and user-friendly interface. In recent years, researchers have increasingly focused on how machine learning models can distinguish between human-written and AI-generated content, which may assist organizations in making informed decisions. In recent years, researchers have increasingly focused on the challenges associated with maintaining fairness, privacy, and reliability, and this work contributes to the growing body of research on AI safety.",1
"Not even kidding, the power went out right when the match was getting interesting, I’m just done at this point. Fr, my laptop sounds like a jet engine every time I open VS Code, I keep saying I'll change, but do I? No. Lmao, I was so hungry that I finished my food in under five minutes, now I’m just staring at the screen like 💀. Listen, my wifi keeps dying whenever I actually decide to be productive, I can’t even be mad, this is on me.",0
"No cap, I made maggi and still somehow managed to burn it, I need a reset button for real. Bro fr, I opened my notes and instantly felt sleepy for no reason, I need a reset button for real. Dude, my wifi keeps dying whenever I actually decide to be productive, I can’t even be mad, this is on me. Not even kidding, I made maggi and still somehow managed to burn it, I really need to get my life together.",0
"The detection mechanism relies on a simple but effective approach: first, the raw text is tokenized and converted into numerical sequences, this makes the model suitable for real-time applications with moderate resource usage. The primary objective of this system is to demonstrate the role of natural language processing in modern software applications, in order to build more transparent and trustworthy AI systems. At a high level, the system follows this workflow: next, the encoded text is passed through an embedding layer followed by an LSTM network, which allows the system to deliver predictions with minimal latency.",1
"Our AI-powered detector provides a seamless way to quickly evaluate multiple samples of writing without manual inspection, in just a few clicks directly from your browser. You can think of the entire model as a sequence of stages: first, the raw text is tokenized and converted into numerical sequences, which allows the system to deliver predictions with minimal latency. Whether you're a student, teacher, or developer, this application lets you analyze written content and determine whether it was generated by a human or an AI model, so you can stay confident about the origin of your text. With this intelligent system, users can effortlessly analyze written content and determine whether it was generated by a human or an AI model, without needing any prior expertise in machine learning. Future updates may include support for additional languages and domains.",1
"Idk man, I was so hungry that I finished my food in under five minutes, I need a reset button for real. Not even kidding, I kept saying one last episode and somehow finished the whole season, my life is actually a joke sometimes.",0
"Listen, I saved the file but now I can’t find where I saved it, I’m just done at this point. Idk man, I kept saying one last episode and somehow finished the whole season, and now I’m just here questioning my decisions. Lowkey feeling like I was so hungry that I finished my food in under five minutes, I swear the universe is trolling me.",0
"Honestly, I was so hungry that I finished my food in under five minutes, I’m just done at this point. Bro, not gonna lie, I was supposed to study but ended up scrolling reels for like two hours, my life is actually a joke sometimes.",0
"With this intelligent system, users can effortlessly quickly evaluate multiple samples of writing without manual inspection, while maintaining an intuitive and user-friendly interface. With this intelligent system, users can effortlessly enhance your workflow by adding a simple layer of AI-generated content detection, without needing any prior expertise in machine learning. Our AI-powered detector provides a seamless way to gain deeper insights into the authenticity of text appearing in your documents or projects, without needing any prior expertise in machine learning. Users are encouraged to provide feedback to continuously improve the tool.",1
"Brooo, my laptop sounds like a jet engine every time I open VS Code, I really need to get my life together. Bruh, my phone was at 5% and of course that’s when everyone decides to call, and somehow this is becoming my daily routine.",0
"The detection mechanism relies on a simple but effective approach: then, these sequences are padded to a consistent length to form batches, this makes the model suitable for real-time applications with moderate resource usage. From a technical perspective, it is important to understand the challenges associated with maintaining fairness, privacy, and reliability, which ultimately benefits both developers and end users. Designed for modern creators, this tool helps you quickly evaluate multiple samples of writing without manual inspection, in just a few clicks directly from your browser. To understand how this model works, consider the following process: next, the encoded text is passed through an embedding layer followed by an LSTM network, overall, the pipeline is straightforward to implement using modern deep learning libraries. Integration with existing authentication systems can help secure access to the tool.",1
"Real talk, I joined the online class and the teacher immediately took my name, and now I’m just here questioning my decisions. Bruh, I was so hungry that I finished my food in under five minutes, I need a reset button for real. Tbh, I joined the online class and the teacher immediately took my name, and honestly I only have myself to blame. I’ll complain about being tired but still stay up late on my phone.",0
"Tbh, I saved the file but now I can’t find where I saved it, I keep saying I'll change, but do I? No. Dude, I kept saying one last episode and somehow finished the whole season, like why does this always happen to me. Dude, I kept saying one last episode and somehow finished the whole season, like why does this always happen to me. I keep saying I’ll start going to the gym ‘next Monday’.",0
"The detection mechanism relies on a simple but effective approach: next, the encoded text is passed through an embedding layer followed by an LSTM network, which allows the system to deliver predictions with minimal latency. In recent years, researchers have increasingly focused on the broader implications of deploying automated language models at scale, thus highlighting the importance of robust evaluation pipelines. At a high level, the system follows this workflow: finally, the output is interpreted as either AI-generated or human-generated text, as a result, developers can integrate the classifier into existing web applications. At a high level, the system follows this workflow: next, the encoded text is passed through an embedding layer followed by an LSTM network, which allows the system to deliver predictions with minimal latency.",1
"Bro, not gonna lie, I literally forgot why I walked into the kitchen halfway there, now I’m just staring at the screen like 💀. No cap, I kept saying one last episode and somehow finished the whole season, like why does this always happen to me. Tbh, the app just crashed the exact second I hit save, and now I’m just here questioning my decisions.",0
"No cap, my phone was at 5% and of course that’s when everyone decides to call, my life is actually a joke sometimes. Listen, the app just crashed the exact second I hit save, now I’m just staring at the screen like 💀. Tbh, my phone was at 5% and of course that’s when everyone decides to call, like why does this always happen to me. I’ll complain about being tired but still stay up late on my phone.",0
"In recent years, researchers have increasingly focused on how machine learning models can distinguish between human-written and AI-generated content, thus highlighting the importance of robust evaluation pipelines. At a high level, the system follows this workflow: first, the raw text is tokenized and converted into numerical sequences, which allows the system to deliver predictions with minimal latency. Our AI-powered detector provides a seamless way to enhance your workflow by adding a simple layer of AI-generated content detection, while maintaining an intuitive and user-friendly interface. The rapid growth of artificial intelligence has significantly influenced various strategies for improving classification accuracy on real-world datasets, in order to build more transparent and trustworthy AI systems. The interface can be customized to match different design preferences.",1
"From a technical perspective, it is important to understand how machine learning models can distinguish between human-written and AI-generated content, which ultimately benefits both developers and end users. With this intelligent system, users can effortlessly enhance your workflow by adding a simple layer of AI-generated content detection, without needing any prior expertise in machine learning. Future updates may include support for additional languages and domains.",1
"Tbh, I saved the file but now I can’t find where I saved it, and honestly I only have myself to blame. Lowkey feeling like I was so hungry that I finished my food in under five minutes, it be like that sometimes fr. The only thing consistent about me is my inconsistency.",0
"Idk man, I was supposed to study but ended up scrolling reels for like two hours, and I'm still pretending everything is fine. Lmao, the power went out right when the match was getting interesting, my life is actually a joke sometimes. Dude, I was so hungry that I finished my food in under five minutes, and I'm still pretending everything is fine.",0
"Fr, my wifi keeps dying whenever I actually decide to be productive, I keep saying I'll change, but do I? No. Lowkey feeling like I kept saying one last episode and somehow finished the whole season, and I'm still pretending everything is fine. Tbh, I opened my notes and instantly felt sleepy for no reason, I really need to get my life together. I was supposed to drink more water this week, but here we are.",0
"Fr, I opened my notes and instantly felt sleepy for no reason, and I still act surprised every time. Bro, not gonna lie, I saved the file but now I can’t find where I saved it, I swear the universe is trolling me. Bruh, I was so hungry that I finished my food in under five minutes, I really need to get my life together. Bro, not gonna lie, I told myself I’d sleep early but it’s 3am and I’m still awake, and I'm still pretending everything is fine. My friends keep making plans and cancelling at the last minute.",0
"Bruh, I told myself I’d sleep early but it’s 3am and I’m still awake, and now I’m just here questioning my decisions. Idk man, I literally forgot why I walked into the kitchen halfway there, it be like that sometimes fr. Tbh, I saved the file but now I can’t find where I saved it, like why does this always happen to me. Bro, not gonna lie, I literally forgot why I walked into the kitchen halfway there, and honestly I only have myself to blame.",0
"Our AI-powered detector provides a seamless way to quickly evaluate multiple samples of writing without manual inspection, making AI more accessible and understandable for everyone. Designed for modern creators, this tool helps you gain deeper insights into the authenticity of text appearing in your documents or projects, while maintaining an intuitive and user-friendly interface. From a technical perspective, it is important to understand the broader implications of deploying automated language models at scale, thus highlighting the importance of robust evaluation pipelines. Our AI-powered detector provides a seamless way to quickly evaluate multiple samples of writing without manual inspection, so you can stay confident about the origin of your text. Users are encouraged to provide feedback to continuously improve the tool.",1
"Dude, I told myself I’d sleep early but it’s 3am and I’m still awake, and honestly I only have myself to blame. Dude, the app just crashed the exact second I hit save, I can’t even be mad, this is on me. Lowkey feeling like I told myself I’d sleep early but it’s 3am and I’m still awake, I can’t even be mad, this is on me. Dude, I literally forgot why I walked into the kitchen halfway there, I keep saying I'll change, but do I? No.",0
"Tbh, the power went out right when the match was getting interesting, I can’t even be mad, this is on me. Dude, my laptop sounds like a jet engine every time I open VS Code, it be like that sometimes fr. Half my day is just me thinking about what to eat next.",0
"To understand how this model works, consider the following process: finally, the output is interpreted as either AI-generated or human-generated text, as a result, developers can integrate the classifier into existing web applications. The detection mechanism relies on a simple but effective approach: finally, the output is interpreted as either AI-generated or human-generated text, this makes the model suitable for real-time applications with moderate resource usage. Logging and monitoring are recommended when deploying the system in production.",1
"From a technical perspective, it is important to understand how machine learning models can distinguish between human-written and AI-generated content, which may assist organizations in making informed decisions. The primary objective of this system is to demonstrate the role of natural language processing in modern software applications, and this work contributes to the growing body of research on AI safety. At a high level, the system follows this workflow: finally, the output is interpreted as either AI-generated or human-generated text, this makes the model suitable for real-time applications with moderate resource usage. You can think of the entire model as a sequence of stages: finally, the output is interpreted as either AI-generated or human-generated text, this makes the model suitable for real-time applications with moderate resource usage. Careful dataset curation remains essential for achieving reliable outcomes.",1
"The primary objective of this system is to demonstrate the broader implications of deploying automated language models at scale, which ultimately benefits both developers and end users. In recent years, researchers have increasingly focused on the role of natural language processing in modern software applications, which ultimately benefits both developers and end users. From a technical perspective, it is important to understand the role of natural language processing in modern software applications, and this work contributes to the growing body of research on AI safety. Users are encouraged to provide feedback to continuously improve the tool.",1
"Brooo, I was so hungry that I finished my food in under five minutes, like why does this always happen to me. Bro fr, my phone was at 5% and of course that’s when everyone decides to call, it be like that sometimes fr. Lmao, the app just crashed the exact second I hit save, I can’t even be mad, this is on me. Honestly, I told myself I’d sleep early but it’s 3am and I’m still awake, I can’t even be mad, this is on me. Half my day is just me thinking about what to eat next.",0
"This project aims to explore how machine learning models can distinguish between human-written and AI-generated content, and this work contributes to the growing body of research on AI safety. The primary objective of this system is to demonstrate the challenges associated with maintaining fairness, privacy, and reliability, which may assist organizations in making informed decisions. The underlying architecture can be extended using transformer-based models.",1
"You can think of the entire model as a sequence of stages: finally, the output is interpreted as either AI-generated or human-generated text, thereby creating a practical tool for educational and experimental purposes. To understand how this model works, consider the following process: finally, the output is interpreted as either AI-generated or human-generated text, which allows the system to deliver predictions with minimal latency. From a technical perspective, it is important to understand the challenges associated with maintaining fairness, privacy, and reliability, in order to build more transparent and trustworthy AI systems. The detection mechanism relies on a simple but effective approach: finally, the output is interpreted as either AI-generated or human-generated text, as a result, developers can integrate the classifier into existing web applications. The underlying architecture can be extended using transformer-based models.",1
"Dude, I told myself I’d sleep early but it’s 3am and I’m still awake, and somehow this is becoming my daily routine. Dude, I told myself I’d sleep early but it’s 3am and I’m still awake, and I still act surprised every time.",0
"Tbh, my wifi keeps dying whenever I actually decide to be productive, and somehow this is becoming my daily routine. Dude, I opened my notes and instantly felt sleepy for no reason, and somehow this is becoming my daily routine.",0
"Honestly, the bus was so crowded I couldn't even move my arm to check my phone, and somehow this is becoming my daily routine. Lowkey feeling like I was supposed to study but ended up scrolling reels for like two hours, I really need to get my life together. Lowkey feeling like I was supposed to study but ended up scrolling reels for like two hours, and now I’m just here questioning my decisions. Brooo, the app just crashed the exact second I hit save, I need a reset button for real. My friends keep making plans and cancelling at the last minute.",0
"Bro, not gonna lie, I was so hungry that I finished my food in under five minutes, now I’m just staring at the screen like 💀. Tbh, I was so hungry that I finished my food in under five minutes, like why does this always happen to me. The only thing consistent about me is my inconsistency.",0
"Lmao, I saved the file but now I can’t find where I saved it, I’m just done at this point. Bro fr, I made maggi and still somehow managed to burn it, I can’t even be mad, this is on me. Lmao, I opened my notes and instantly felt sleepy for no reason, and honestly I only have myself to blame.",0
"Idk man, I opened my notes and instantly felt sleepy for no reason, I keep saying I'll change, but do I? No. Brooo, my laptop sounds like a jet engine every time I open VS Code, I’m just done at this point. My screen time report is basically judging my whole existence.",0
"Lmao, my laptop sounds like a jet engine every time I open VS Code, like why does this always happen to me. Bro fr, I made maggi and still somehow managed to burn it, I keep saying I'll change, but do I? No. Half my day is just me thinking about what to eat next.",0
"Our AI-powered detector provides a seamless way to analyze written content and determine whether it was generated by a human or an AI model, without needing any prior expertise in machine learning. To understand how this model works, consider the following process: after feature extraction, a dense layer with a sigmoid activation computes the final probability, overall, the pipeline is straightforward to implement using modern deep learning libraries. The interface can be customized to match different design preferences.",1
"From a technical perspective, it is important to understand the role of natural language processing in modern software applications, in order to build more transparent and trustworthy AI systems. The primary objective of this system is to demonstrate various strategies for improving classification accuracy on real-world datasets, in order to build more transparent and trustworthy AI systems. Whether you're a student, teacher, or developer, this application lets you quickly evaluate multiple samples of writing without manual inspection, so you can stay confident about the origin of your text. The rapid growth of artificial intelligence has significantly influenced various strategies for improving classification accuracy on real-world datasets, which may assist organizations in making informed decisions.",1
"The classification pipeline can be broken down into several steps: next, the encoded text is passed through an embedding layer followed by an LSTM network, this makes the model suitable for real-time applications with moderate resource usage. You can think of the entire model as a sequence of stages: after feature extraction, a dense layer with a sigmoid activation computes the final probability, overall, the pipeline is straightforward to implement using modern deep learning libraries. Built with performance in mind, the platform enables you to quickly evaluate multiple samples of writing without manual inspection, making AI more accessible and understandable for everyone. The interface can be customized to match different design preferences.",1
"Designed for modern creators, this tool helps you enhance your workflow by adding a simple layer of AI-generated content detection, while maintaining an intuitive and user-friendly interface. The classification pipeline can be broken down into several steps: then, these sequences are padded to a consistent length to form batches, this makes the model suitable for real-time applications with moderate resource usage. The classification pipeline can be broken down into several steps: first, the raw text is tokenized and converted into numerical sequences, as a result, developers can integrate the classifier into existing web applications. To understand how this model works, consider the following process: after feature extraction, a dense layer with a sigmoid activation computes the final probability, overall, the pipeline is straightforward to implement using modern deep learning libraries. Careful dataset curation remains essential for achieving reliable outcomes.",1
"Real talk, the app just crashed the exact second I hit save, and honestly I only have myself to blame. Bro, not gonna lie, my phone was at 5% and of course that’s when everyone decides to call, and somehow this is becoming my daily routine. Half my day is just me thinking about what to eat next.",0
"The rapid growth of artificial intelligence has significantly influenced how machine learning models can distinguish between human-written and AI-generated content, which may assist organizations in making informed decisions. To understand how this model works, consider the following process: after feature extraction, a dense layer with a sigmoid activation computes the final probability, this makes the model suitable for real-time applications with moderate resource usage. This classifier serves as a starting point for exploring responsible AI practices.",1
"Dude, I saved the file but now I can’t find where I saved it, it be like that sometimes fr. Lowkey feeling like the bus was so crowded I couldn't even move my arm to check my phone, I need a reset button for real.",0
"Bro, not gonna lie, the bus was so crowded I couldn't even move my arm to check my phone, like why does this always happen to me. Lmao, the bus was so crowded I couldn't even move my arm to check my phone, and I still act surprised every time. Honestly, I joined the online class and the teacher immediately took my name, now I’m just staring at the screen like 💀. Idk man, I made maggi and still somehow managed to burn it, it be like that sometimes fr.",0
"Not even kidding, I made maggi and still somehow managed to burn it, I swear the universe is trolling me. Bro, not gonna lie, the power went out right when the match was getting interesting, now I’m just staring at the screen like 💀. Dude, I joined the online class and the teacher immediately took my name, it be like that sometimes fr. Half my day is just me thinking about what to eat next.",0
"Whether you're a student, teacher, or developer, this application lets you analyze written content and determine whether it was generated by a human or an AI model, so you can stay confident about the origin of your text. The primary objective of this system is to demonstrate how machine learning models can distinguish between human-written and AI-generated content, which may assist organizations in making informed decisions. At a high level, the system follows this workflow: then, these sequences are padded to a consistent length to form batches, this makes the model suitable for real-time applications with moderate resource usage. The underlying architecture can be extended using transformer-based models.",1
"This project aims to explore various strategies for improving classification accuracy on real-world datasets, which ultimately benefits both developers and end users. In recent years, researchers have increasingly focused on the broader implications of deploying automated language models at scale, thus highlighting the importance of robust evaluation pipelines.",1
"The rapid growth of artificial intelligence has significantly influenced various strategies for improving classification accuracy on real-world datasets, and this work contributes to the growing body of research on AI safety. At a high level, the system follows this workflow: first, the raw text is tokenized and converted into numerical sequences, overall, the pipeline is straightforward to implement using modern deep learning libraries. Whether you're a student, teacher, or developer, this application lets you gain deeper insights into the authenticity of text appearing in your documents or projects, while maintaining an intuitive and user-friendly interface. The rapid growth of artificial intelligence has significantly influenced the role of natural language processing in modern software applications, in order to build more transparent and trustworthy AI systems. The overall design focuses on balancing accuracy, usability, and efficiency.",1
"Real talk, I was supposed to study but ended up scrolling reels for like two hours, I really need to get my life together. Real talk, I made maggi and still somehow managed to burn it, and honestly I only have myself to blame. No cap, I made maggi and still somehow managed to burn it, and somehow this is becoming my daily routine.",0
"Bro, not gonna lie, I joined the online class and the teacher immediately took my name, my life is actually a joke sometimes. Bruh, my laptop sounds like a jet engine every time I open VS Code, and I still act surprised every time. Lowkey feeling like my laptop sounds like a jet engine every time I open VS Code, I keep saying I'll change, but do I? No. Lmao, I kept saying one last episode and somehow finished the whole season, I keep saying I'll change, but do I? No. Half my day is just me thinking about what to eat next.",0
"From a technical perspective, it is important to understand the broader implications of deploying automated language models at scale, and this work contributes to the growing body of research on AI safety. The rapid growth of artificial intelligence has significantly influenced how machine learning models can distinguish between human-written and AI-generated content, in order to build more transparent and trustworthy AI systems. Designed for modern creators, this tool helps you quickly evaluate multiple samples of writing without manual inspection, while maintaining an intuitive and user-friendly interface. This project aims to explore the role of natural language processing in modern software applications, in order to build more transparent and trustworthy AI systems. Logging and monitoring are recommended when deploying the system in production.",1
"Idk man, I saved the file but now I can’t find where I saved it, and I still act surprised every time. Idk man, I literally forgot why I walked into the kitchen halfway there, I really need to get my life together. Not even kidding, I literally forgot why I walked into the kitchen halfway there, I keep saying I'll change, but do I? No.",0
"Bro fr, I opened my notes and instantly felt sleepy for no reason, I really need to get my life together. Fr, the power went out right when the match was getting interesting, my life is actually a joke sometimes. Listen, the power went out right when the match was getting interesting, it be like that sometimes fr. My screen time report is basically judging my whole existence.",0
"Listen, my wifi keeps dying whenever I actually decide to be productive, I need a reset button for real. Bruh, my laptop sounds like a jet engine every time I open VS Code, I keep saying I'll change, but do I? No. I was supposed to drink more water this week, but here we are.",0
"Dude, the power went out right when the match was getting interesting, and somehow this is becoming my daily routine. Not even kidding, I opened my notes and instantly felt sleepy for no reason, I need a reset button for real. Fr, I was supposed to study but ended up scrolling reels for like two hours, it be like that sometimes fr.",0
"In recent years, researchers have increasingly focused on the role of natural language processing in modern software applications, thus highlighting the importance of robust evaluation pipelines. Built with performance in mind, the platform enables you to enhance your workflow by adding a simple layer of AI-generated content detection, making AI more accessible and understandable for everyone. Whether you're a student, teacher, or developer, this application lets you quickly evaluate multiple samples of writing without manual inspection, in just a few clicks directly from your browser. The primary objective of this system is to demonstrate various strategies for improving classification accuracy on real-world datasets, in order to build more transparent and trustworthy AI systems. Users are encouraged to provide feedback to continuously improve the tool.",1
"Lowkey feeling like I joined the online class and the teacher immediately took my name, it be like that sometimes fr. Idk man, I saved the file but now I can’t find where I saved it, now I’m just staring at the screen like 💀. Listen, I saved the file but now I can’t find where I saved it, and I still act surprised every time. My screen time report is basically judging my whole existence.",0
"Our AI-powered detector provides a seamless way to improve transparency when sharing or reviewing AI-assisted writing, while maintaining an intuitive and user-friendly interface. The rapid growth of artificial intelligence has significantly influenced various strategies for improving classification accuracy on real-world datasets, thus highlighting the importance of robust evaluation pipelines. Whether you're a student, teacher, or developer, this application lets you enhance your workflow by adding a simple layer of AI-generated content detection, while maintaining an intuitive and user-friendly interface. The classification pipeline can be broken down into several steps: then, these sequences are padded to a consistent length to form batches, as a result, developers can integrate the classifier into existing web applications. This classifier serves as a starting point for exploring responsible AI practices.",1
"Idk man, I was so hungry that I finished my food in under five minutes, now I’m just staring at the screen like 💀. Honestly, I made maggi and still somehow managed to burn it, I keep saying I'll change, but do I? No. Bro, not gonna lie, I was supposed to study but ended up scrolling reels for like two hours, I really need to get my life together. Sometimes I open WhatsApp and forget why I opened it.",0
"Idk man, I joined the online class and the teacher immediately took my name, I’m just done at this point. Real talk, I made maggi and still somehow managed to burn it, and now I’m just here questioning my decisions.",0
"This project aims to explore how machine learning models can distinguish between human-written and AI-generated content, which ultimately benefits both developers and end users. Whether you're a student, teacher, or developer, this application lets you improve transparency when sharing or reviewing AI-assisted writing, in just a few clicks directly from your browser. The rapid growth of artificial intelligence has significantly influenced the challenges associated with maintaining fairness, privacy, and reliability, and this work contributes to the growing body of research on AI safety. The classification pipeline can be broken down into several steps: then, these sequences are padded to a consistent length to form batches, as a result, developers can integrate the classifier into existing web applications. Users are encouraged to provide feedback to continuously improve the tool.",1
"Listen, the app just crashed the exact second I hit save, I’m just done at this point. Idk man, I literally forgot why I walked into the kitchen halfway there, it be like that sometimes fr. Lmao, I literally forgot why I walked into the kitchen halfway there, I swear the universe is trolling me. Real talk, the power went out right when the match was getting interesting, like why does this always happen to me. My screen time report is basically judging my whole existence.",0
"To understand how this model works, consider the following process: then, these sequences are padded to a consistent length to form batches, overall, the pipeline is straightforward to implement using modern deep learning libraries. Designed for modern creators, this tool helps you analyze written content and determine whether it was generated by a human or an AI model, without needing any prior expertise in machine learning. Our AI-powered detector provides a seamless way to enhance your workflow by adding a simple layer of AI-generated content detection, in just a few clicks directly from your browser. The underlying architecture can be extended using transformer-based models.",1
"Not even kidding, the power went out right when the match was getting interesting, I’m just done at this point. Bruh, I opened my notes and instantly felt sleepy for no reason, now I’m just staring at the screen like 💀. Listen, my wifi keeps dying whenever I actually decide to be productive, and I'm still pretending everything is fine. Bro, not gonna lie, the app just crashed the exact second I hit save, and I still act surprised every time.",0
"Tbh, I saved the file but now I can’t find where I saved it, it be like that sometimes fr. Idk man, the app just crashed the exact second I hit save, now I’m just staring at the screen like 💀. Bro fr, my phone was at 5% and of course that’s when everyone decides to call, and I'm still pretending everything is fine. Lowkey feeling like I kept saying one last episode and somehow finished the whole season, and now I’m just here questioning my decisions. My screen time report is basically judging my whole existence.",0
"The rapid growth of artificial intelligence has significantly influenced how machine learning models can distinguish between human-written and AI-generated content, which may assist organizations in making informed decisions. The rapid growth of artificial intelligence has significantly influenced how machine learning models can distinguish between human-written and AI-generated content, which may assist organizations in making informed decisions. With this intelligent system, users can effortlessly gain deeper insights into the authenticity of text appearing in your documents or projects, while maintaining an intuitive and user-friendly interface. The rapid growth of artificial intelligence has significantly influenced the role of natural language processing in modern software applications, thus highlighting the importance of robust evaluation pipelines. Future updates may include support for additional languages and domains.",1
"Bruh, the bus was so crowded I couldn't even move my arm to check my phone, I really need to get my life together. Lowkey feeling like I told myself I’d sleep early but it’s 3am and I’m still awake, I keep saying I'll change, but do I? No. Brooo, I was supposed to study but ended up scrolling reels for like two hours, like why does this always happen to me. Bro fr, my wifi keeps dying whenever I actually decide to be productive, now I’m just staring at the screen like 💀.",0
"At a high level, the system follows this workflow: then, these sequences are padded to a consistent length to form batches, overall, the pipeline is straightforward to implement using modern deep learning libraries. From a technical perspective, it is important to understand various strategies for improving classification accuracy on real-world datasets, which ultimately benefits both developers and end users. In recent years, researchers have increasingly focused on how machine learning models can distinguish between human-written and AI-generated content, in order to build more transparent and trustworthy AI systems. This project aims to explore various strategies for improving classification accuracy on real-world datasets, which may assist organizations in making informed decisions.",1
"With this intelligent system, users can effortlessly analyze written content and determine whether it was generated by a human or an AI model, in just a few clicks directly from your browser. The rapid growth of artificial intelligence has significantly influenced how machine learning models can distinguish between human-written and AI-generated content, which ultimately benefits both developers and end users.",1
"Built with performance in mind, the platform enables you to gain deeper insights into the authenticity of text appearing in your documents or projects, while maintaining an intuitive and user-friendly interface. Our AI-powered detector provides a seamless way to improve transparency when sharing or reviewing AI-assisted writing, so you can stay confident about the origin of your text. The overall design focuses on balancing accuracy, usability, and efficiency.",1
"Not even kidding, I was supposed to study but ended up scrolling reels for like two hours, now I’m just staring at the screen like 💀. Real talk, I was so hungry that I finished my food in under five minutes, it be like that sometimes fr. Bruh, the bus was so crowded I couldn't even move my arm to check my phone, it be like that sometimes fr. Every time I say 'from tomorrow', that tomorrow never comes.",0
"Lowkey feeling like my wifi keeps dying whenever I actually decide to be productive, I really need to get my life together. Fr, I kept saying one last episode and somehow finished the whole season, I need a reset button for real. My friends keep making plans and cancelling at the last minute.",0
"The primary objective of this system is to demonstrate the broader implications of deploying automated language models at scale, which may assist organizations in making informed decisions. In recent years, researchers have increasingly focused on how machine learning models can distinguish between human-written and AI-generated content, which ultimately benefits both developers and end users. The primary objective of this system is to demonstrate the broader implications of deploying automated language models at scale, which ultimately benefits both developers and end users.",1
"The primary objective of this system is to demonstrate how machine learning models can distinguish between human-written and AI-generated content, thus highlighting the importance of robust evaluation pipelines. You can think of the entire model as a sequence of stages: then, these sequences are padded to a consistent length to form batches, which allows the system to deliver predictions with minimal latency.",1
"You can think of the entire model as a sequence of stages: finally, the output is interpreted as either AI-generated or human-generated text, as a result, developers can integrate the classifier into existing web applications. Designed for modern creators, this tool helps you gain deeper insights into the authenticity of text appearing in your documents or projects, while maintaining an intuitive and user-friendly interface. The primary objective of this system is to demonstrate the broader implications of deploying automated language models at scale, in order to build more transparent and trustworthy AI systems. To understand how this model works, consider the following process: after feature extraction, a dense layer with a sigmoid activation computes the final probability, overall, the pipeline is straightforward to implement using modern deep learning libraries.",1
"With this intelligent system, users can effortlessly improve transparency when sharing or reviewing AI-assisted writing, while maintaining an intuitive and user-friendly interface. Our AI-powered detector provides a seamless way to improve transparency when sharing or reviewing AI-assisted writing, while maintaining an intuitive and user-friendly interface.",1
"Built with performance in mind, the platform enables you to quickly evaluate multiple samples of writing without manual inspection, making AI more accessible and understandable for everyone. In recent years, researchers have increasingly focused on the challenges associated with maintaining fairness, privacy, and reliability, in order to build more transparent and trustworthy AI systems. The interface can be customized to match different design preferences.",1
"With this intelligent system, users can effortlessly analyze written content and determine whether it was generated by a human or an AI model, in just a few clicks directly from your browser. The primary objective of this system is to demonstrate the broader implications of deploying automated language models at scale, which may assist organizations in making informed decisions. The classification pipeline can be broken down into several steps: first, the raw text is tokenized and converted into numerical sequences, overall, the pipeline is straightforward to implement using modern deep learning libraries. Future updates may include support for additional languages and domains.",1
"Listen, the app just crashed the exact second I hit save, like why does this always happen to me. Dude, I was so hungry that I finished my food in under five minutes, like why does this always happen to me. No cap, my phone was at 5% and of course that’s when everyone decides to call, and I still act surprised every time. Real talk, I was supposed to study but ended up scrolling reels for like two hours, I’m just done at this point.",0
"This project aims to explore the broader implications of deploying automated language models at scale, which ultimately benefits both developers and end users. You can think of the entire model as a sequence of stages: after feature extraction, a dense layer with a sigmoid activation computes the final probability, this makes the model suitable for real-time applications with moderate resource usage. Built with performance in mind, the platform enables you to enhance your workflow by adding a simple layer of AI-generated content detection, while maintaining an intuitive and user-friendly interface. You can think of the entire model as a sequence of stages: finally, the output is interpreted as either AI-generated or human-generated text, this makes the model suitable for real-time applications with moderate resource usage.",1
"Designed for modern creators, this tool helps you gain deeper insights into the authenticity of text appearing in your documents or projects, so you can stay confident about the origin of your text. Designed for modern creators, this tool helps you enhance your workflow by adding a simple layer of AI-generated content detection, so you can stay confident about the origin of your text. The classification pipeline can be broken down into several steps: finally, the output is interpreted as either AI-generated or human-generated text, as a result, developers can integrate the classifier into existing web applications.",1
"Real talk, I told myself I’d sleep early but it’s 3am and I’m still awake, and I'm still pretending everything is fine. No cap, the app just crashed the exact second I hit save, I can’t even be mad, this is on me. My friends keep making plans and cancelling at the last minute.",0
"Designed for modern creators, this tool helps you improve transparency when sharing or reviewing AI-assisted writing, in just a few clicks directly from your browser. Designed for modern creators, this tool helps you gain deeper insights into the authenticity of text appearing in your documents or projects, making AI more accessible and understandable for everyone. The classification pipeline can be broken down into several steps: next, the encoded text is passed through an embedding layer followed by an LSTM network, as a result, developers can integrate the classifier into existing web applications.",1
"In recent years, researchers have increasingly focused on how machine learning models can distinguish between human-written and AI-generated content, in order to build more transparent and trustworthy AI systems. Whether you're a student, teacher, or developer, this application lets you enhance your workflow by adding a simple layer of AI-generated content detection, so you can stay confident about the origin of your text. This classifier serves as a starting point for exploring responsible AI practices.",1
"Our AI-powered detector provides a seamless way to improve transparency when sharing or reviewing AI-assisted writing, making AI more accessible and understandable for everyone. You can think of the entire model as a sequence of stages: first, the raw text is tokenized and converted into numerical sequences, overall, the pipeline is straightforward to implement using modern deep learning libraries. Whether you're a student, teacher, or developer, this application lets you analyze written content and determine whether it was generated by a human or an AI model, in just a few clicks directly from your browser. The detection mechanism relies on a simple but effective approach: after feature extraction, a dense layer with a sigmoid activation computes the final probability, which allows the system to deliver predictions with minimal latency.",1
"Bruh, the bus was so crowded I couldn't even move my arm to check my phone, now I’m just staring at the screen like 💀. Brooo, I told myself I’d sleep early but it’s 3am and I’m still awake, and somehow this is becoming my daily routine. Real talk, my phone was at 5% and of course that’s when everyone decides to call, and honestly I only have myself to blame. Sometimes I open WhatsApp and forget why I opened it.",0
"Not even kidding, my laptop sounds like a jet engine every time I open VS Code, my life is actually a joke sometimes. Not even kidding, the app just crashed the exact second I hit save, like why does this always happen to me. Real talk, I joined the online class and the teacher immediately took my name, and somehow this is becoming my daily routine. Tbh, I kept saying one last episode and somehow finished the whole season, now I’m just staring at the screen like 💀. Every time I say 'from tomorrow', that tomorrow never comes.",0
"Brooo, my laptop sounds like a jet engine every time I open VS Code, I’m just done at this point. Bro, not gonna lie, I joined the online class and the teacher immediately took my name, I really need to get my life together. Listen, I joined the online class and the teacher immediately took my name, it be like that sometimes fr. My friends keep making plans and cancelling at the last minute.",0
"With this intelligent system, users can effortlessly enhance your workflow by adding a simple layer of AI-generated content detection, so you can stay confident about the origin of your text. With this intelligent system, users can effortlessly gain deeper insights into the authenticity of text appearing in your documents or projects, making AI more accessible and understandable for everyone. To understand how this model works, consider the following process: after feature extraction, a dense layer with a sigmoid activation computes the final probability, overall, the pipeline is straightforward to implement using modern deep learning libraries. Our AI-powered detector provides a seamless way to gain deeper insights into the authenticity of text appearing in your documents or projects, while maintaining an intuitive and user-friendly interface.",1
"You can think of the entire model as a sequence of stages: next, the encoded text is passed through an embedding layer followed by an LSTM network, thereby creating a practical tool for educational and experimental purposes. With this intelligent system, users can effortlessly improve transparency when sharing or reviewing AI-assisted writing, without needing any prior expertise in machine learning. Designed for modern creators, this tool helps you gain deeper insights into the authenticity of text appearing in your documents or projects, making AI more accessible and understandable for everyone. Hybrid approaches that combine rules and machine learning may further boost performance.",1
"No cap, I literally forgot why I walked into the kitchen halfway there, I keep saying I'll change, but do I? No. Tbh, my wifi keeps dying whenever I actually decide to be productive, and honestly I only have myself to blame. Not even kidding, I was so hungry that I finished my food in under five minutes, and now I’m just here questioning my decisions. My screen time report is basically judging my whole existence.",0
"Not even kidding, I kept saying one last episode and somehow finished the whole season, and honestly I only have myself to blame. Bruh, I was so hungry that I finished my food in under five minutes, and somehow this is becoming my daily routine. Fr, I was so hungry that I finished my food in under five minutes, and I still act surprised every time. Idk man, I literally forgot why I walked into the kitchen halfway there, and somehow this is becoming my daily routine.",0
"The rapid growth of artificial intelligence has significantly influenced the broader implications of deploying automated language models at scale, which ultimately benefits both developers and end users. You can think of the entire model as a sequence of stages: next, the encoded text is passed through an embedding layer followed by an LSTM network, as a result, developers can integrate the classifier into existing web applications. The interface can be customized to match different design preferences.",1
"Real talk, my phone was at 5% and of course that’s when everyone decides to call, I can’t even be mad, this is on me. Fr, I saved the file but now I can’t find where I saved it, and honestly I only have myself to blame. Bro, not gonna lie, I opened my notes and instantly felt sleepy for no reason, I swear the universe is trolling me. Real talk, the bus was so crowded I couldn't even move my arm to check my phone, I’m just done at this point.",0
"Dude, the bus was so crowded I couldn't even move my arm to check my phone, I keep saying I'll change, but do I? No. Bro, not gonna lie, the bus was so crowded I couldn't even move my arm to check my phone, I swear the universe is trolling me. Tbh, I made maggi and still somehow managed to burn it, I really need to get my life together. Lowkey feeling like I was so hungry that I finished my food in under five minutes, and somehow this is becoming my daily routine. Sometimes I open WhatsApp and forget why I opened it.",0
"Built with performance in mind, the platform enables you to enhance your workflow by adding a simple layer of AI-generated content detection, while maintaining an intuitive and user-friendly interface. In recent years, researchers have increasingly focused on the challenges associated with maintaining fairness, privacy, and reliability, and this work contributes to the growing body of research on AI safety. Careful dataset curation remains essential for achieving reliable outcomes.",1
"To understand how this model works, consider the following process: next, the encoded text is passed through an embedding layer followed by an LSTM network, overall, the pipeline is straightforward to implement using modern deep learning libraries. To understand how this model works, consider the following process: then, these sequences are padded to a consistent length to form batches, which allows the system to deliver predictions with minimal latency. From a technical perspective, it is important to understand the broader implications of deploying automated language models at scale, and this work contributes to the growing body of research on AI safety. The underlying architecture can be extended using transformer-based models.",1
"Dude, the power went out right when the match was getting interesting, I’m just done at this point. Listen, I was so hungry that I finished my food in under five minutes, I can’t even be mad, this is on me. Not even kidding, I was so hungry that I finished my food in under five minutes, it be like that sometimes fr.",0
"Honestly, I was so hungry that I finished my food in under five minutes, and now I’m just here questioning my decisions. Idk man, my wifi keeps dying whenever I actually decide to be productive, and now I’m just here questioning my decisions.",0
"The rapid growth of artificial intelligence has significantly influenced how machine learning models can distinguish between human-written and AI-generated content, which ultimately benefits both developers and end users. To understand how this model works, consider the following process: next, the encoded text is passed through an embedding layer followed by an LSTM network, which allows the system to deliver predictions with minimal latency. At a high level, the system follows this workflow: next, the encoded text is passed through an embedding layer followed by an LSTM network, as a result, developers can integrate the classifier into existing web applications. This project aims to explore how machine learning models can distinguish between human-written and AI-generated content, which may assist organizations in making informed decisions. Hybrid approaches that combine rules and machine learning may further boost performance.",1
"Idk man, my phone was at 5% and of course that’s when everyone decides to call, and I'm still pretending everything is fine. Dude, the power went out right when the match was getting interesting, I really need to get my life together.",0
"At a high level, the system follows this workflow: finally, the output is interpreted as either AI-generated or human-generated text, overall, the pipeline is straightforward to implement using modern deep learning libraries. With this intelligent system, users can effortlessly analyze written content and determine whether it was generated by a human or an AI model, making AI more accessible and understandable for everyone. Integration with existing authentication systems can help secure access to the tool.",1
"The primary objective of this system is to demonstrate how machine learning models can distinguish between human-written and AI-generated content, in order to build more transparent and trustworthy AI systems. You can think of the entire model as a sequence of stages: after feature extraction, a dense layer with a sigmoid activation computes the final probability, which allows the system to deliver predictions with minimal latency. In recent years, researchers have increasingly focused on various strategies for improving classification accuracy on real-world datasets, which ultimately benefits both developers and end users. In recent years, researchers have increasingly focused on various strategies for improving classification accuracy on real-world datasets, which may assist organizations in making informed decisions.",1
"Built with performance in mind, the platform enables you to enhance your workflow by adding a simple layer of AI-generated content detection, making AI more accessible and understandable for everyone. To understand how this model works, consider the following process: next, the encoded text is passed through an embedding layer followed by an LSTM network, this makes the model suitable for real-time applications with moderate resource usage. Built with performance in mind, the platform enables you to improve transparency when sharing or reviewing AI-assisted writing, making AI more accessible and understandable for everyone. The interface can be customized to match different design preferences.",1
"Bro, not gonna lie, I opened my notes and instantly felt sleepy for no reason, and now I’m just here questioning my decisions. Not even kidding, I saved the file but now I can’t find where I saved it, I keep saying I'll change, but do I? No. Not even kidding, I made maggi and still somehow managed to burn it, and honestly I only have myself to blame. My friends keep making plans and cancelling at the last minute.",0
"Brooo, I was supposed to study but ended up scrolling reels for like two hours, like why does this always happen to me. Real talk, I told myself I’d sleep early but it’s 3am and I’m still awake, I really need to get my life together. I keep setting alarms and then snoozing all of them.",0
"Bruh, I joined the online class and the teacher immediately took my name, my life is actually a joke sometimes. Bruh, I told myself I’d sleep early but it’s 3am and I’m still awake, and I'm still pretending everything is fine. Tbh, I was supposed to study but ended up scrolling reels for like two hours, now I’m just staring at the screen like 💀. I keep saying I’ll start going to the gym ‘next Monday’.",0
"The primary objective of this system is to demonstrate the role of natural language processing in modern software applications, and this work contributes to the growing body of research on AI safety. The detection mechanism relies on a simple but effective approach: finally, the output is interpreted as either AI-generated or human-generated text, as a result, developers can integrate the classifier into existing web applications. Our AI-powered detector provides a seamless way to gain deeper insights into the authenticity of text appearing in your documents or projects, without needing any prior expertise in machine learning. With this intelligent system, users can effortlessly improve transparency when sharing or reviewing AI-assisted writing, in just a few clicks directly from your browser. Logging and monitoring are recommended when deploying the system in production.",1
"Brooo, I joined the online class and the teacher immediately took my name, and honestly I only have myself to blame. Tbh, the power went out right when the match was getting interesting, I keep saying I'll change, but do I? No. Dude, I joined the online class and the teacher immediately took my name, I need a reset button for real. Bruh, the bus was so crowded I couldn't even move my arm to check my phone, and somehow this is becoming my daily routine.",0
"In recent years, researchers have increasingly focused on the broader implications of deploying automated language models at scale, in order to build more transparent and trustworthy AI systems. With this intelligent system, users can effortlessly quickly evaluate multiple samples of writing without manual inspection, in just a few clicks directly from your browser. Built with performance in mind, the platform enables you to enhance your workflow by adding a simple layer of AI-generated content detection, while maintaining an intuitive and user-friendly interface.",1
"Lowkey feeling like I was so hungry that I finished my food in under five minutes, I’m just done at this point. Lmao, I was so hungry that I finished my food in under five minutes, and I'm still pretending everything is fine. Bro, not gonna lie, the power went out right when the match was getting interesting, and I'm still pretending everything is fine. Honestly, I joined the online class and the teacher immediately took my name, I keep saying I'll change, but do I? No.",0
"Brooo, my wifi keeps dying whenever I actually decide to be productive, and now I’m just here questioning my decisions. Honestly, I made maggi and still somehow managed to burn it, it be like that sometimes fr. Bruh, I literally forgot why I walked into the kitchen halfway there, I’m just done at this point. Fr, I was so hungry that I finished my food in under five minutes, I keep saying I'll change, but do I? No. Half my day is just me thinking about what to eat next.",0
"You can think of the entire model as a sequence of stages: after feature extraction, a dense layer with a sigmoid activation computes the final probability, thereby creating a practical tool for educational and experimental purposes. At a high level, the system follows this workflow: finally, the output is interpreted as either AI-generated or human-generated text, as a result, developers can integrate the classifier into existing web applications. With this intelligent system, users can effortlessly gain deeper insights into the authenticity of text appearing in your documents or projects, while maintaining an intuitive and user-friendly interface. With this intelligent system, users can effortlessly improve transparency when sharing or reviewing AI-assisted writing, so you can stay confident about the origin of your text. Careful dataset curation remains essential for achieving reliable outcomes.",1
"The classification pipeline can be broken down into several steps: finally, the output is interpreted as either AI-generated or human-generated text, which allows the system to deliver predictions with minimal latency. Designed for modern creators, this tool helps you improve transparency when sharing or reviewing AI-assisted writing, without needing any prior expertise in machine learning. Designed for modern creators, this tool helps you enhance your workflow by adding a simple layer of AI-generated content detection, without needing any prior expertise in machine learning.",1
"The rapid growth of artificial intelligence has significantly influenced the challenges associated with maintaining fairness, privacy, and reliability, which may assist organizations in making informed decisions. The classification pipeline can be broken down into several steps: finally, the output is interpreted as either AI-generated or human-generated text, which allows the system to deliver predictions with minimal latency. Careful dataset curation remains essential for achieving reliable outcomes.",1
"Honestly, I told myself I’d sleep early but it’s 3am and I’m still awake, I need a reset button for real. Listen, I was supposed to study but ended up scrolling reels for like two hours, I’m just done at this point. Brooo, the bus was so crowded I couldn't even move my arm to check my phone, I keep saying I'll change, but do I? No. Half my day is just me thinking about what to eat next.",0
"You can think of the entire model as a sequence of stages: next, the encoded text is passed through an embedding layer followed by an LSTM network, thereby creating a practical tool for educational and experimental purposes. In recent years, researchers have increasingly focused on the challenges associated with maintaining fairness, privacy, and reliability, and this work contributes to the growing body of research on AI safety. Whether you're a student, teacher, or developer, this application lets you quickly evaluate multiple samples of writing without manual inspection, in just a few clicks directly from your browser. In recent years, researchers have increasingly focused on the challenges associated with maintaining fairness, privacy, and reliability, which ultimately benefits both developers and end users. Careful dataset curation remains essential for achieving reliable outcomes.",1
"Real talk, my laptop sounds like a jet engine every time I open VS Code, now I’m just staring at the screen like 💀. Bro, not gonna lie, I joined the online class and the teacher immediately took my name, I keep saying I'll change, but do I? No. Honestly, my wifi keeps dying whenever I actually decide to be productive, I need a reset button for real. Every time I say 'from tomorrow', that tomorrow never comes.",0
"Built with performance in mind, the platform enables you to gain deeper insights into the authenticity of text appearing in your documents or projects, without needing any prior expertise in machine learning. Whether you're a student, teacher, or developer, this application lets you quickly evaluate multiple samples of writing without manual inspection, so you can stay confident about the origin of your text. The primary objective of this system is to demonstrate various strategies for improving classification accuracy on real-world datasets, thus highlighting the importance of robust evaluation pipelines. Whether you're a student, teacher, or developer, this application lets you analyze written content and determine whether it was generated by a human or an AI model, so you can stay confident about the origin of your text. Hybrid approaches that combine rules and machine learning may further boost performance.",1
"Bro, not gonna lie, I made maggi and still somehow managed to burn it, it be like that sometimes fr. Brooo, the bus was so crowded I couldn't even move my arm to check my phone, now I’m just staring at the screen like 💀. No cap, I literally forgot why I walked into the kitchen halfway there, I keep saying I'll change, but do I? No. I keep setting alarms and then snoozing all of them.",0
"Bruh, I told myself I’d sleep early but it’s 3am and I’m still awake, and honestly I only have myself to blame. Fr, my wifi keeps dying whenever I actually decide to be productive, and I'm still pretending everything is fine. Bro fr, my wifi keeps dying whenever I actually decide to be productive, my life is actually a joke sometimes. Real talk, the app just crashed the exact second I hit save, my life is actually a joke sometimes. I keep setting alarms and then snoozing all of them.",0
"Honestly, I told myself I’d sleep early but it’s 3am and I’m still awake, now I’m just staring at the screen like 💀. Lowkey feeling like I was so hungry that I finished my food in under five minutes, and honestly I only have myself to blame. The only thing consistent about me is my inconsistency.",0
"Brooo, I saved the file but now I can’t find where I saved it, like why does this always happen to me. Fr, I told myself I’d sleep early but it’s 3am and I’m still awake, and somehow this is becoming my daily routine. Lowkey feeling like I literally forgot why I walked into the kitchen halfway there, and I still act surprised every time. Lowkey feeling like the power went out right when the match was getting interesting, and honestly I only have myself to blame. My screen time report is basically judging my whole existence.",0
"The rapid growth of artificial intelligence has significantly influenced the challenges associated with maintaining fairness, privacy, and reliability, in order to build more transparent and trustworthy AI systems. The rapid growth of artificial intelligence has significantly influenced the broader implications of deploying automated language models at scale, in order to build more transparent and trustworthy AI systems.",1
"Tbh, I opened my notes and instantly felt sleepy for no reason, and I'm still pretending everything is fine. Lmao, my wifi keeps dying whenever I actually decide to be productive, I’m just done at this point. I keep saying I’ll start going to the gym ‘next Monday’.",0
"Lmao, my phone was at 5% and of course that’s when everyone decides to call, I’m just done at this point. Tbh, I was supposed to study but ended up scrolling reels for like two hours, my life is actually a joke sometimes.",0
"This project aims to explore various strategies for improving classification accuracy on real-world datasets, in order to build more transparent and trustworthy AI systems. The rapid growth of artificial intelligence has significantly influenced the broader implications of deploying automated language models at scale, in order to build more transparent and trustworthy AI systems. The detection mechanism relies on a simple but effective approach: first, the raw text is tokenized and converted into numerical sequences, this makes the model suitable for real-time applications with moderate resource usage. With this intelligent system, users can effortlessly improve transparency when sharing or reviewing AI-assisted writing, making AI more accessible and understandable for everyone. Careful dataset curation remains essential for achieving reliable outcomes.",1
"No cap, I joined the online class and the teacher immediately took my name, I swear the universe is trolling me. Bro, not gonna lie, I was so hungry that I finished my food in under five minutes, my life is actually a joke sometimes.",0
"This project aims to explore the challenges associated with maintaining fairness, privacy, and reliability, and this work contributes to the growing body of research on AI safety. The rapid growth of artificial intelligence has significantly influenced the role of natural language processing in modern software applications, which may assist organizations in making informed decisions. Built with performance in mind, the platform enables you to quickly evaluate multiple samples of writing without manual inspection, while maintaining an intuitive and user-friendly interface. To understand how this model works, consider the following process: finally, the output is interpreted as either AI-generated or human-generated text, overall, the pipeline is straightforward to implement using modern deep learning libraries.",1
"Built with performance in mind, the platform enables you to enhance your workflow by adding a simple layer of AI-generated content detection, so you can stay confident about the origin of your text. The detection mechanism relies on a simple but effective approach: finally, the output is interpreted as either AI-generated or human-generated text, which allows the system to deliver predictions with minimal latency. The interface can be customized to match different design preferences.",1
"The classification pipeline can be broken down into several steps: after feature extraction, a dense layer with a sigmoid activation computes the final probability, overall, the pipeline is straightforward to implement using modern deep learning libraries. With this intelligent system, users can effortlessly analyze written content and determine whether it was generated by a human or an AI model, making AI more accessible and understandable for everyone. The classification pipeline can be broken down into several steps: after feature extraction, a dense layer with a sigmoid activation computes the final probability, as a result, developers can integrate the classifier into existing web applications. With this intelligent system, users can effortlessly quickly evaluate multiple samples of writing without manual inspection, in just a few clicks directly from your browser.",1
"Real talk, my phone was at 5% and of course that’s when everyone decides to call, I’m just done at this point. Real talk, the app just crashed the exact second I hit save, I need a reset button for real. Brooo, the app just crashed the exact second I hit save, like why does this always happen to me.",0
"Bro, not gonna lie, I joined the online class and the teacher immediately took my name, and honestly I only have myself to blame. Bruh, I was supposed to study but ended up scrolling reels for like two hours, I keep saying I'll change, but do I? No. My screen time report is basically judging my whole existence.",0
"Bruh, my wifi keeps dying whenever I actually decide to be productive, I really need to get my life together. Bro, not gonna lie, the power went out right when the match was getting interesting, it be like that sometimes fr. Dude, I was supposed to study but ended up scrolling reels for like two hours, and I'm still pretending everything is fine.",0
"You can think of the entire model as a sequence of stages: next, the encoded text is passed through an embedding layer followed by an LSTM network, this makes the model suitable for real-time applications with moderate resource usage. From a technical perspective, it is important to understand the broader implications of deploying automated language models at scale, and this work contributes to the growing body of research on AI safety. The detection mechanism relies on a simple but effective approach: then, these sequences are padded to a consistent length to form batches, overall, the pipeline is straightforward to implement using modern deep learning libraries. Built with performance in mind, the platform enables you to improve transparency when sharing or reviewing AI-assisted writing, making AI more accessible and understandable for everyone. Future updates may include support for additional languages and domains.",1
"Bro, not gonna lie, the bus was so crowded I couldn't even move my arm to check my phone, I swear the universe is trolling me. Bro, not gonna lie, I made maggi and still somehow managed to burn it, I need a reset button for real. Dude, I was so hungry that I finished my food in under five minutes, I need a reset button for real.",0
"Bro, not gonna lie, my laptop sounds like a jet engine every time I open VS Code, and now I’m just here questioning my decisions. Idk man, the app just crashed the exact second I hit save, and now I’m just here questioning my decisions. Dude, I was supposed to study but ended up scrolling reels for like two hours, it be like that sometimes fr.",0
"Real talk, I was so hungry that I finished my food in under five minutes, I can’t even be mad, this is on me. Real talk, I was supposed to study but ended up scrolling reels for like two hours, now I’m just staring at the screen like 💀. Bro, not gonna lie, I told myself I’d sleep early but it’s 3am and I’m still awake, I really need to get my life together.",0
"You can think of the entire model as a sequence of stages: next, the encoded text is passed through an embedding layer followed by an LSTM network, thereby creating a practical tool for educational and experimental purposes. You can think of the entire model as a sequence of stages: after feature extraction, a dense layer with a sigmoid activation computes the final probability, thereby creating a practical tool for educational and experimental purposes. The primary objective of this system is to demonstrate how machine learning models can distinguish between human-written and AI-generated content, and this work contributes to the growing body of research on AI safety. In recent years, researchers have increasingly focused on the broader implications of deploying automated language models at scale, in order to build more transparent and trustworthy AI systems. Integration with existing authentication systems can help secure access to the tool.",1
"Whether you're a student, teacher, or developer, this application lets you enhance your workflow by adding a simple layer of AI-generated content detection, so you can stay confident about the origin of your text. From a technical perspective, it is important to understand the role of natural language processing in modern software applications, and this work contributes to the growing body of research on AI safety. The underlying architecture can be extended using transformer-based models.",1
"The detection mechanism relies on a simple but effective approach: then, these sequences are padded to a consistent length to form batches, which allows the system to deliver predictions with minimal latency. The primary objective of this system is to demonstrate the challenges associated with maintaining fairness, privacy, and reliability, which ultimately benefits both developers and end users. Logging and monitoring are recommended when deploying the system in production.",1
"Listen, the app just crashed the exact second I hit save, I swear the universe is trolling me. Not even kidding, the bus was so crowded I couldn't even move my arm to check my phone, now I’m just staring at the screen like 💀.",0
"Designed for modern creators, this tool helps you quickly evaluate multiple samples of writing without manual inspection, in just a few clicks directly from your browser. To understand how this model works, consider the following process: first, the raw text is tokenized and converted into numerical sequences, thereby creating a practical tool for educational and experimental purposes.",1
"Whether you're a student, teacher, or developer, this application lets you quickly evaluate multiple samples of writing without manual inspection, in just a few clicks directly from your browser. The rapid growth of artificial intelligence has significantly influenced the broader implications of deploying automated language models at scale, in order to build more transparent and trustworthy AI systems. The detection mechanism relies on a simple but effective approach: after feature extraction, a dense layer with a sigmoid activation computes the final probability, as a result, developers can integrate the classifier into existing web applications. This project aims to explore the challenges associated with maintaining fairness, privacy, and reliability, which ultimately benefits both developers and end users.",1
"Fr, I was so hungry that I finished my food in under five minutes, and honestly I only have myself to blame. Dude, my wifi keeps dying whenever I actually decide to be productive, now I’m just staring at the screen like 💀. Idk man, the power went out right when the match was getting interesting, now I’m just staring at the screen like 💀. Lmao, my laptop sounds like a jet engine every time I open VS Code, I need a reset button for real. I keep setting alarms and then snoozing all of them.",0
"Built with performance in mind, the platform enables you to quickly evaluate multiple samples of writing without manual inspection, making AI more accessible and understandable for everyone. Our AI-powered detector provides a seamless way to enhance your workflow by adding a simple layer of AI-generated content detection, without needing any prior expertise in machine learning. The underlying architecture can be extended using transformer-based models.",1
"Brooo, I saved the file but now I can’t find where I saved it, like why does this always happen to me. Lowkey feeling like the app just crashed the exact second I hit save, I can’t even be mad, this is on me. I keep setting alarms and then snoozing all of them.",0
"Designed for modern creators, this tool helps you quickly evaluate multiple samples of writing without manual inspection, in just a few clicks directly from your browser. The rapid growth of artificial intelligence has significantly influenced how machine learning models can distinguish between human-written and AI-generated content, which may assist organizations in making informed decisions. To understand how this model works, consider the following process: after feature extraction, a dense layer with a sigmoid activation computes the final probability, this makes the model suitable for real-time applications with moderate resource usage. Future updates may include support for additional languages and domains.",1
"The detection mechanism relies on a simple but effective approach: after feature extraction, a dense layer with a sigmoid activation computes the final probability, overall, the pipeline is straightforward to implement using modern deep learning libraries. The rapid growth of artificial intelligence has significantly influenced how machine learning models can distinguish between human-written and AI-generated content, and this work contributes to the growing body of research on AI safety. Integration with existing authentication systems can help secure access to the tool.",1
"You can think of the entire model as a sequence of stages: first, the raw text is tokenized and converted into numerical sequences, as a result, developers can integrate the classifier into existing web applications. From a technical perspective, it is important to understand various strategies for improving classification accuracy on real-world datasets, which may assist organizations in making informed decisions. Integration with existing authentication systems can help secure access to the tool.",1
"The primary objective of this system is to demonstrate the broader implications of deploying automated language models at scale, which ultimately benefits both developers and end users. This project aims to explore various strategies for improving classification accuracy on real-world datasets, thus highlighting the importance of robust evaluation pipelines.",1
"This project aims to explore the challenges associated with maintaining fairness, privacy, and reliability, thus highlighting the importance of robust evaluation pipelines. You can think of the entire model as a sequence of stages: first, the raw text is tokenized and converted into numerical sequences, overall, the pipeline is straightforward to implement using modern deep learning libraries.",1
"This project aims to explore the role of natural language processing in modern software applications, which may assist organizations in making informed decisions. The primary objective of this system is to demonstrate the broader implications of deploying automated language models at scale, and this work contributes to the growing body of research on AI safety. From a technical perspective, it is important to understand various strategies for improving classification accuracy on real-world datasets, in order to build more transparent and trustworthy AI systems. With this intelligent system, users can effortlessly quickly evaluate multiple samples of writing without manual inspection, so you can stay confident about the origin of your text. The overall design focuses on balancing accuracy, usability, and efficiency.",1
"To understand how this model works, consider the following process: then, these sequences are padded to a consistent length to form batches, which allows the system to deliver predictions with minimal latency. Designed for modern creators, this tool helps you quickly evaluate multiple samples of writing without manual inspection, while maintaining an intuitive and user-friendly interface. Designed for modern creators, this tool helps you quickly evaluate multiple samples of writing without manual inspection, in just a few clicks directly from your browser. From a technical perspective, it is important to understand the challenges associated with maintaining fairness, privacy, and reliability, which may assist organizations in making informed decisions. Integration with existing authentication systems can help secure access to the tool.",1
"Brooo, my wifi keeps dying whenever I actually decide to be productive, and somehow this is becoming my daily routine. Fr, I saved the file but now I can’t find where I saved it, I’m just done at this point.",0
"Built with performance in mind, the platform enables you to gain deeper insights into the authenticity of text appearing in your documents or projects, while maintaining an intuitive and user-friendly interface. This project aims to explore the broader implications of deploying automated language models at scale, and this work contributes to the growing body of research on AI safety. In recent years, researchers have increasingly focused on how machine learning models can distinguish between human-written and AI-generated content, which may assist organizations in making informed decisions. Whether you're a student, teacher, or developer, this application lets you quickly evaluate multiple samples of writing without manual inspection, so you can stay confident about the origin of your text. This classifier serves as a starting point for exploring responsible AI practices.",1
"This project aims to explore the challenges associated with maintaining fairness, privacy, and reliability, and this work contributes to the growing body of research on AI safety. To understand how this model works, consider the following process: next, the encoded text is passed through an embedding layer followed by an LSTM network, which allows the system to deliver predictions with minimal latency. With this intelligent system, users can effortlessly gain deeper insights into the authenticity of text appearing in your documents or projects, without needing any prior expertise in machine learning. Integration with existing authentication systems can help secure access to the tool.",1
"Honestly, I literally forgot why I walked into the kitchen halfway there, it be like that sometimes fr. Idk man, my wifi keeps dying whenever I actually decide to be productive, my life is actually a joke sometimes. No cap, I joined the online class and the teacher immediately took my name, and now I’m just here questioning my decisions. Bruh, I opened my notes and instantly felt sleepy for no reason, now I’m just staring at the screen like 💀. Sometimes I open WhatsApp and forget why I opened it.",0
"Built with performance in mind, the platform enables you to analyze written content and determine whether it was generated by a human or an AI model, while maintaining an intuitive and user-friendly interface. To understand how this model works, consider the following process: then, these sequences are padded to a consistent length to form batches, overall, the pipeline is straightforward to implement using modern deep learning libraries. This project aims to explore how machine learning models can distinguish between human-written and AI-generated content, which may assist organizations in making informed decisions.",1
"The primary objective of this system is to demonstrate the role of natural language processing in modern software applications, which may assist organizations in making informed decisions. Designed for modern creators, this tool helps you analyze written content and determine whether it was generated by a human or an AI model, making AI more accessible and understandable for everyone. Designed for modern creators, this tool helps you improve transparency when sharing or reviewing AI-assisted writing, while maintaining an intuitive and user-friendly interface. The overall design focuses on balancing accuracy, usability, and efficiency.",1
"This project aims to explore the challenges associated with maintaining fairness, privacy, and reliability, and this work contributes to the growing body of research on AI safety. The detection mechanism relies on a simple but effective approach: first, the raw text is tokenized and converted into numerical sequences, thereby creating a practical tool for educational and experimental purposes. You can think of the entire model as a sequence of stages: next, the encoded text is passed through an embedding layer followed by an LSTM network, as a result, developers can integrate the classifier into existing web applications. Built with performance in mind, the platform enables you to enhance your workflow by adding a simple layer of AI-generated content detection, while maintaining an intuitive and user-friendly interface. The overall design focuses on balancing accuracy, usability, and efficiency.",1
"Bruh, I saved the file but now I can’t find where I saved it, and I'm still pretending everything is fine. Lowkey feeling like I told myself I’d sleep early but it’s 3am and I’m still awake, I keep saying I'll change, but do I? No. I was supposed to drink more water this week, but here we are.",0
"Whether you're a student, teacher, or developer, this application lets you quickly evaluate multiple samples of writing without manual inspection, while maintaining an intuitive and user-friendly interface. You can think of the entire model as a sequence of stages: after feature extraction, a dense layer with a sigmoid activation computes the final probability, as a result, developers can integrate the classifier into existing web applications. This project aims to explore the role of natural language processing in modern software applications, which ultimately benefits both developers and end users. The underlying architecture can be extended using transformer-based models.",1
"Idk man, the power went out right when the match was getting interesting, I really need to get my life together. Dude, I was supposed to study but ended up scrolling reels for like two hours, and somehow this is becoming my daily routine.",0
"With this intelligent system, users can effortlessly enhance your workflow by adding a simple layer of AI-generated content detection, so you can stay confident about the origin of your text. From a technical perspective, it is important to understand how machine learning models can distinguish between human-written and AI-generated content, thus highlighting the importance of robust evaluation pipelines. Users are encouraged to provide feedback to continuously improve the tool.",1
"The primary objective of this system is to demonstrate the role of natural language processing in modern software applications, thus highlighting the importance of robust evaluation pipelines. At a high level, the system follows this workflow: first, the raw text is tokenized and converted into numerical sequences, overall, the pipeline is straightforward to implement using modern deep learning libraries. Future updates may include support for additional languages and domains.",1
"This project aims to explore how machine learning models can distinguish between human-written and AI-generated content, in order to build more transparent and trustworthy AI systems. At a high level, the system follows this workflow: then, these sequences are padded to a consistent length to form batches, this makes the model suitable for real-time applications with moderate resource usage. The classification pipeline can be broken down into several steps: after feature extraction, a dense layer with a sigmoid activation computes the final probability, thereby creating a practical tool for educational and experimental purposes. Designed for modern creators, this tool helps you analyze written content and determine whether it was generated by a human or an AI model, while maintaining an intuitive and user-friendly interface.",1
"Honestly, my wifi keeps dying whenever I actually decide to be productive, now I’m just staring at the screen like 💀. Idk man, I joined the online class and the teacher immediately took my name, I really need to get my life together. Bro fr, I saved the file but now I can’t find where I saved it, I really need to get my life together. Honestly, I kept saying one last episode and somehow finished the whole season, I’m just done at this point.",0
"This project aims to explore the challenges associated with maintaining fairness, privacy, and reliability, which ultimately benefits both developers and end users. The rapid growth of artificial intelligence has significantly influenced the role of natural language processing in modern software applications, in order to build more transparent and trustworthy AI systems. You can think of the entire model as a sequence of stages: finally, the output is interpreted as either AI-generated or human-generated text, this makes the model suitable for real-time applications with moderate resource usage. The detection mechanism relies on a simple but effective approach: then, these sequences are padded to a consistent length to form batches, overall, the pipeline is straightforward to implement using modern deep learning libraries. The overall design focuses on balancing accuracy, usability, and efficiency.",1
"The detection mechanism relies on a simple but effective approach: finally, the output is interpreted as either AI-generated or human-generated text, this makes the model suitable for real-time applications with moderate resource usage. To understand how this model works, consider the following process: next, the encoded text is passed through an embedding layer followed by an LSTM network, which allows the system to deliver predictions with minimal latency. From a technical perspective, it is important to understand various strategies for improving classification accuracy on real-world datasets, which ultimately benefits both developers and end users. The rapid growth of artificial intelligence has significantly influenced various strategies for improving classification accuracy on real-world datasets, thus highlighting the importance of robust evaluation pipelines. Users are encouraged to provide feedback to continuously improve the tool.",1
"The classification pipeline can be broken down into several steps: next, the encoded text is passed through an embedding layer followed by an LSTM network, this makes the model suitable for real-time applications with moderate resource usage. With this intelligent system, users can effortlessly improve transparency when sharing or reviewing AI-assisted writing, making AI more accessible and understandable for everyone. In recent years, researchers have increasingly focused on the broader implications of deploying automated language models at scale, thus highlighting the importance of robust evaluation pipelines. Whether you're a student, teacher, or developer, this application lets you improve transparency when sharing or reviewing AI-assisted writing, making AI more accessible and understandable for everyone.",1
"The classification pipeline can be broken down into several steps: finally, the output is interpreted as either AI-generated or human-generated text, which allows the system to deliver predictions with minimal latency. This project aims to explore how machine learning models can distinguish between human-written and AI-generated content, which may assist organizations in making informed decisions. Logging and monitoring are recommended when deploying the system in production.",1
"In recent years, researchers have increasingly focused on how machine learning models can distinguish between human-written and AI-generated content, in order to build more transparent and trustworthy AI systems. This project aims to explore the role of natural language processing in modern software applications, which ultimately benefits both developers and end users. Logging and monitoring are recommended when deploying the system in production.",1
"From a technical perspective, it is important to understand how machine learning models can distinguish between human-written and AI-generated content, which ultimately benefits both developers and end users. Designed for modern creators, this tool helps you gain deeper insights into the authenticity of text appearing in your documents or projects, in just a few clicks directly from your browser.",1
"Lowkey feeling like I was supposed to study but ended up scrolling reels for like two hours, and somehow this is becoming my daily routine. Bro, not gonna lie, I joined the online class and the teacher immediately took my name, and honestly I only have myself to blame. Dude, I literally forgot why I walked into the kitchen halfway there, I’m just done at this point. My screen time report is basically judging my whole existence.",0
"No cap, I joined the online class and the teacher immediately took my name, and now I’m just here questioning my decisions. Not even kidding, I told myself I’d sleep early but it’s 3am and I’m still awake, I’m just done at this point. Tbh, the power went out right when the match was getting interesting, I really need to get my life together.",0
"This project aims to explore the broader implications of deploying automated language models at scale, which may assist organizations in making informed decisions. Built with performance in mind, the platform enables you to quickly evaluate multiple samples of writing without manual inspection, without needing any prior expertise in machine learning. The underlying architecture can be extended using transformer-based models.",1
"To understand how this model works, consider the following process: finally, the output is interpreted as either AI-generated or human-generated text, which allows the system to deliver predictions with minimal latency. Built with performance in mind, the platform enables you to enhance your workflow by adding a simple layer of AI-generated content detection, without needing any prior expertise in machine learning. Our AI-powered detector provides a seamless way to improve transparency when sharing or reviewing AI-assisted writing, without needing any prior expertise in machine learning. Our AI-powered detector provides a seamless way to improve transparency when sharing or reviewing AI-assisted writing, in just a few clicks directly from your browser. Hybrid approaches that combine rules and machine learning may further boost performance.",1
"Real talk, I literally forgot why I walked into the kitchen halfway there, I keep saying I'll change, but do I? No. Not even kidding, I opened my notes and instantly felt sleepy for no reason, I need a reset button for real. My friends keep making plans and cancelling at the last minute.",0
"In recent years, researchers have increasingly focused on the challenges associated with maintaining fairness, privacy, and reliability, which ultimately benefits both developers and end users. At a high level, the system follows this workflow: next, the encoded text is passed through an embedding layer followed by an LSTM network, thereby creating a practical tool for educational and experimental purposes. The rapid growth of artificial intelligence has significantly influenced various strategies for improving classification accuracy on real-world datasets, thus highlighting the importance of robust evaluation pipelines. The detection mechanism relies on a simple but effective approach: next, the encoded text is passed through an embedding layer followed by an LSTM network, thereby creating a practical tool for educational and experimental purposes.",1
"Designed for modern creators, this tool helps you enhance your workflow by adding a simple layer of AI-generated content detection, so you can stay confident about the origin of your text. At a high level, the system follows this workflow: next, the encoded text is passed through an embedding layer followed by an LSTM network, this makes the model suitable for real-time applications with moderate resource usage. The classification pipeline can be broken down into several steps: after feature extraction, a dense layer with a sigmoid activation computes the final probability, this makes the model suitable for real-time applications with moderate resource usage. In recent years, researchers have increasingly focused on the broader implications of deploying automated language models at scale, in order to build more transparent and trustworthy AI systems. Logging and monitoring are recommended when deploying the system in production.",1
"Designed for modern creators, this tool helps you improve transparency when sharing or reviewing AI-assisted writing, in just a few clicks directly from your browser. You can think of the entire model as a sequence of stages: next, the encoded text is passed through an embedding layer followed by an LSTM network, thereby creating a practical tool for educational and experimental purposes. With this intelligent system, users can effortlessly gain deeper insights into the authenticity of text appearing in your documents or projects, so you can stay confident about the origin of your text. At a high level, the system follows this workflow: next, the encoded text is passed through an embedding layer followed by an LSTM network, this makes the model suitable for real-time applications with moderate resource usage.",1
"Bro fr, I opened my notes and instantly felt sleepy for no reason, and honestly I only have myself to blame. Lmao, the power went out right when the match was getting interesting, and I still act surprised every time. Half my day is just me thinking about what to eat next.",0
"The detection mechanism relies on a simple but effective approach: after feature extraction, a dense layer with a sigmoid activation computes the final probability, overall, the pipeline is straightforward to implement using modern deep learning libraries. To understand how this model works, consider the following process: then, these sequences are padded to a consistent length to form batches, overall, the pipeline is straightforward to implement using modern deep learning libraries. With this intelligent system, users can effortlessly improve transparency when sharing or reviewing AI-assisted writing, while maintaining an intuitive and user-friendly interface. Logging and monitoring are recommended when deploying the system in production.",1
"The primary objective of this system is to demonstrate the broader implications of deploying automated language models at scale, in order to build more transparent and trustworthy AI systems. The classification pipeline can be broken down into several steps: first, the raw text is tokenized and converted into numerical sequences, thereby creating a practical tool for educational and experimental purposes.",1
"Our AI-powered detector provides a seamless way to improve transparency when sharing or reviewing AI-assisted writing, while maintaining an intuitive and user-friendly interface. The primary objective of this system is to demonstrate how machine learning models can distinguish between human-written and AI-generated content, thus highlighting the importance of robust evaluation pipelines. In recent years, researchers have increasingly focused on how machine learning models can distinguish between human-written and AI-generated content, in order to build more transparent and trustworthy AI systems. Logging and monitoring are recommended when deploying the system in production.",1
"Lmao, I was so hungry that I finished my food in under five minutes, like why does this always happen to me. Brooo, I opened my notes and instantly felt sleepy for no reason, I need a reset button for real. Bro, not gonna lie, I told myself I’d sleep early but it’s 3am and I’m still awake, and somehow this is becoming my daily routine. I was supposed to drink more water this week, but here we are.",0
"With this intelligent system, users can effortlessly gain deeper insights into the authenticity of text appearing in your documents or projects, while maintaining an intuitive and user-friendly interface. In recent years, researchers have increasingly focused on the broader implications of deploying automated language models at scale, thus highlighting the importance of robust evaluation pipelines. Designed for modern creators, this tool helps you improve transparency when sharing or reviewing AI-assisted writing, in just a few clicks directly from your browser. Built with performance in mind, the platform enables you to enhance your workflow by adding a simple layer of AI-generated content detection, so you can stay confident about the origin of your text.",1
"Lowkey feeling like the power went out right when the match was getting interesting, like why does this always happen to me. Lowkey feeling like I made maggi and still somehow managed to burn it, and now I’m just here questioning my decisions. Brooo, the app just crashed the exact second I hit save, it be like that sometimes fr.",0
"Dude, the power went out right when the match was getting interesting, I’m just done at this point. Lmao, the bus was so crowded I couldn't even move my arm to check my phone, I’m just done at this point.",0
"Whether you're a student, teacher, or developer, this application lets you enhance your workflow by adding a simple layer of AI-generated content detection, so you can stay confident about the origin of your text. This project aims to explore the broader implications of deploying automated language models at scale, thus highlighting the importance of robust evaluation pipelines. You can think of the entire model as a sequence of stages: then, these sequences are padded to a consistent length to form batches, thereby creating a practical tool for educational and experimental purposes. In recent years, researchers have increasingly focused on the challenges associated with maintaining fairness, privacy, and reliability, which ultimately benefits both developers and end users. Future updates may include support for additional languages and domains.",1
"Our AI-powered detector provides a seamless way to gain deeper insights into the authenticity of text appearing in your documents or projects, making AI more accessible and understandable for everyone. Designed for modern creators, this tool helps you improve transparency when sharing or reviewing AI-assisted writing, so you can stay confident about the origin of your text. This project aims to explore how machine learning models can distinguish between human-written and AI-generated content, which ultimately benefits both developers and end users.",1
"Honestly, I was so hungry that I finished my food in under five minutes, and somehow this is becoming my daily routine. Real talk, I saved the file but now I can’t find where I saved it, it be like that sometimes fr. Fr, I literally forgot why I walked into the kitchen halfway there, I can’t even be mad, this is on me. My friends keep making plans and cancelling at the last minute.",0
"You can think of the entire model as a sequence of stages: next, the encoded text is passed through an embedding layer followed by an LSTM network, this makes the model suitable for real-time applications with moderate resource usage. At a high level, the system follows this workflow: finally, the output is interpreted as either AI-generated or human-generated text, which allows the system to deliver predictions with minimal latency. This project aims to explore how machine learning models can distinguish between human-written and AI-generated content, which ultimately benefits both developers and end users. The interface can be customized to match different design preferences.",1
"Dude, I kept saying one last episode and somehow finished the whole season, and somehow this is becoming my daily routine. Fr, the bus was so crowded I couldn't even move my arm to check my phone, it be like that sometimes fr. My friends keep making plans and cancelling at the last minute.",0
"Dude, my laptop sounds like a jet engine every time I open VS Code, and honestly I only have myself to blame. Brooo, my laptop sounds like a jet engine every time I open VS Code, I really need to get my life together. Honestly, my laptop sounds like a jet engine every time I open VS Code, I really need to get my life together.",0
"Lowkey feeling like I was supposed to study but ended up scrolling reels for like two hours, I really need to get my life together. Real talk, I told myself I’d sleep early but it’s 3am and I’m still awake, I swear the universe is trolling me.",0
"In recent years, researchers have increasingly focused on how machine learning models can distinguish between human-written and AI-generated content, in order to build more transparent and trustworthy AI systems. To understand how this model works, consider the following process: then, these sequences are padded to a consistent length to form batches, which allows the system to deliver predictions with minimal latency. Hybrid approaches that combine rules and machine learning may further boost performance.",1
"Whether you're a student, teacher, or developer, this application lets you enhance your workflow by adding a simple layer of AI-generated content detection, in just a few clicks directly from your browser. To understand how this model works, consider the following process: then, these sequences are padded to a consistent length to form batches, thereby creating a practical tool for educational and experimental purposes. In recent years, researchers have increasingly focused on the role of natural language processing in modern software applications, which may assist organizations in making informed decisions. In recent years, researchers have increasingly focused on how machine learning models can distinguish between human-written and AI-generated content, which may assist organizations in making informed decisions. Future updates may include support for additional languages and domains.",1
"The primary objective of this system is to demonstrate the challenges associated with maintaining fairness, privacy, and reliability, thus highlighting the importance of robust evaluation pipelines. To understand how this model works, consider the following process: first, the raw text is tokenized and converted into numerical sequences, thereby creating a practical tool for educational and experimental purposes. The primary objective of this system is to demonstrate the broader implications of deploying automated language models at scale, and this work contributes to the growing body of research on AI safety. The classification pipeline can be broken down into several steps: first, the raw text is tokenized and converted into numerical sequences, overall, the pipeline is straightforward to implement using modern deep learning libraries. The interface can be customized to match different design preferences.",1
"Not even kidding, my phone was at 5% and of course that’s when everyone decides to call, I’m just done at this point. Tbh, the app just crashed the exact second I hit save, and honestly I only have myself to blame. The only thing consistent about me is my inconsistency.",0
"Lmao, I opened my notes and instantly felt sleepy for no reason, and I'm still pretending everything is fine. Not even kidding, the power went out right when the match was getting interesting, and I'm still pretending everything is fine.",0
"Our AI-powered detector provides a seamless way to quickly evaluate multiple samples of writing without manual inspection, without needing any prior expertise in machine learning. The classification pipeline can be broken down into several steps: after feature extraction, a dense layer with a sigmoid activation computes the final probability, which allows the system to deliver predictions with minimal latency. This classifier serves as a starting point for exploring responsible AI practices.",1
"You can think of the entire model as a sequence of stages: next, the encoded text is passed through an embedding layer followed by an LSTM network, which allows the system to deliver predictions with minimal latency. To understand how this model works, consider the following process: first, the raw text is tokenized and converted into numerical sequences, which allows the system to deliver predictions with minimal latency. In recent years, researchers have increasingly focused on the challenges associated with maintaining fairness, privacy, and reliability, and this work contributes to the growing body of research on AI safety. You can think of the entire model as a sequence of stages: first, the raw text is tokenized and converted into numerical sequences, as a result, developers can integrate the classifier into existing web applications. Integration with existing authentication systems can help secure access to the tool.",1
"Whether you're a student, teacher, or developer, this application lets you enhance your workflow by adding a simple layer of AI-generated content detection, so you can stay confident about the origin of your text. To understand how this model works, consider the following process: finally, the output is interpreted as either AI-generated or human-generated text, as a result, developers can integrate the classifier into existing web applications. Users are encouraged to provide feedback to continuously improve the tool.",1
"Lmao, the app just crashed the exact second I hit save, I’m just done at this point. Bro, not gonna lie, I made maggi and still somehow managed to burn it, and I still act surprised every time.",0
"No cap, I told myself I’d sleep early but it’s 3am and I’m still awake, I can’t even be mad, this is on me. Tbh, I made maggi and still somehow managed to burn it, it be like that sometimes fr. Tbh, I saved the file but now I can’t find where I saved it, like why does this always happen to me. Idk man, I made maggi and still somehow managed to burn it, it be like that sometimes fr. I keep saying I’ll start going to the gym ‘next Monday’.",0
"Real talk, I literally forgot why I walked into the kitchen halfway there, it be like that sometimes fr. Not even kidding, the app just crashed the exact second I hit save, and I'm still pretending everything is fine. Bruh, my wifi keeps dying whenever I actually decide to be productive, and I still act surprised every time. Lmao, the app just crashed the exact second I hit save, I need a reset button for real. My screen time report is basically judging my whole existence.",0
"Listen, I was so hungry that I finished my food in under five minutes, I swear the universe is trolling me. Real talk, my phone was at 5% and of course that’s when everyone decides to call, I can’t even be mad, this is on me. Listen, the power went out right when the match was getting interesting, and somehow this is becoming my daily routine.",0
"Our AI-powered detector provides a seamless way to quickly evaluate multiple samples of writing without manual inspection, while maintaining an intuitive and user-friendly interface. To understand how this model works, consider the following process: after feature extraction, a dense layer with a sigmoid activation computes the final probability, as a result, developers can integrate the classifier into existing web applications. This project aims to explore the challenges associated with maintaining fairness, privacy, and reliability, which may assist organizations in making informed decisions. To understand how this model works, consider the following process: next, the encoded text is passed through an embedding layer followed by an LSTM network, overall, the pipeline is straightforward to implement using modern deep learning libraries. The overall design focuses on balancing accuracy, usability, and efficiency.",1
"The detection mechanism relies on a simple but effective approach: next, the encoded text is passed through an embedding layer followed by an LSTM network, thereby creating a practical tool for educational and experimental purposes. You can think of the entire model as a sequence of stages: finally, the output is interpreted as either AI-generated or human-generated text, this makes the model suitable for real-time applications with moderate resource usage. Future updates may include support for additional languages and domains.",1
"In recent years, researchers have increasingly focused on how machine learning models can distinguish between human-written and AI-generated content, which may assist organizations in making informed decisions. Our AI-powered detector provides a seamless way to gain deeper insights into the authenticity of text appearing in your documents or projects, without needing any prior expertise in machine learning. Designed for modern creators, this tool helps you analyze written content and determine whether it was generated by a human or an AI model, making AI more accessible and understandable for everyone. Users are encouraged to provide feedback to continuously improve the tool.",1
"No cap, I opened my notes and instantly felt sleepy for no reason, I need a reset button for real. Tbh, the bus was so crowded I couldn't even move my arm to check my phone, and I'm still pretending everything is fine. I keep setting alarms and then snoozing all of them.",0
"Listen, my phone was at 5% and of course that’s when everyone decides to call, like why does this always happen to me. Lowkey feeling like the power went out right when the match was getting interesting, I need a reset button for real.",0
"This project aims to explore the role of natural language processing in modern software applications, which may assist organizations in making informed decisions. Built with performance in mind, the platform enables you to gain deeper insights into the authenticity of text appearing in your documents or projects, in just a few clicks directly from your browser. The detection mechanism relies on a simple but effective approach: next, the encoded text is passed through an embedding layer followed by an LSTM network, as a result, developers can integrate the classifier into existing web applications. Hybrid approaches that combine rules and machine learning may further boost performance.",1
"Whether you're a student, teacher, or developer, this application lets you quickly evaluate multiple samples of writing without manual inspection, while maintaining an intuitive and user-friendly interface. Whether you're a student, teacher, or developer, this application lets you analyze written content and determine whether it was generated by a human or an AI model, without needing any prior expertise in machine learning. Built with performance in mind, the platform enables you to gain deeper insights into the authenticity of text appearing in your documents or projects, in just a few clicks directly from your browser. This classifier serves as a starting point for exploring responsible AI practices.",1
"The primary objective of this system is to demonstrate the challenges associated with maintaining fairness, privacy, and reliability, thus highlighting the importance of robust evaluation pipelines. This project aims to explore the challenges associated with maintaining fairness, privacy, and reliability, and this work contributes to the growing body of research on AI safety. The primary objective of this system is to demonstrate how machine learning models can distinguish between human-written and AI-generated content, which ultimately benefits both developers and end users. Logging and monitoring are recommended when deploying the system in production.",1
"Tbh, I was so hungry that I finished my food in under five minutes, and somehow this is becoming my daily routine. Not even kidding, the bus was so crowded I couldn't even move my arm to check my phone, now I’m just staring at the screen like 💀. Idk man, I was so hungry that I finished my food in under five minutes, and honestly I only have myself to blame. Tbh, I told myself I’d sleep early but it’s 3am and I’m still awake, my life is actually a joke sometimes. Sometimes I open WhatsApp and forget why I opened it.",0
"Our AI-powered detector provides a seamless way to gain deeper insights into the authenticity of text appearing in your documents or projects, making AI more accessible and understandable for everyone. The primary objective of this system is to demonstrate various strategies for improving classification accuracy on real-world datasets, thus highlighting the importance of robust evaluation pipelines. This project aims to explore the role of natural language processing in modern software applications, in order to build more transparent and trustworthy AI systems. With this intelligent system, users can effortlessly enhance your workflow by adding a simple layer of AI-generated content detection, while maintaining an intuitive and user-friendly interface.",1
"To understand how this model works, consider the following process: first, the raw text is tokenized and converted into numerical sequences, overall, the pipeline is straightforward to implement using modern deep learning libraries. At a high level, the system follows this workflow: after feature extraction, a dense layer with a sigmoid activation computes the final probability, overall, the pipeline is straightforward to implement using modern deep learning libraries. Built with performance in mind, the platform enables you to analyze written content and determine whether it was generated by a human or an AI model, so you can stay confident about the origin of your text.",1
"Brooo, the bus was so crowded I couldn't even move my arm to check my phone, and somehow this is becoming my daily routine. Lowkey feeling like I was so hungry that I finished my food in under five minutes, my life is actually a joke sometimes. Sometimes I open WhatsApp and forget why I opened it.",0
"The primary objective of this system is to demonstrate the broader implications of deploying automated language models at scale, and this work contributes to the growing body of research on AI safety. The classification pipeline can be broken down into several steps: finally, the output is interpreted as either AI-generated or human-generated text, overall, the pipeline is straightforward to implement using modern deep learning libraries. The underlying architecture can be extended using transformer-based models.",1
"Dude, my laptop sounds like a jet engine every time I open VS Code, and I'm still pretending everything is fine. Lowkey feeling like I made maggi and still somehow managed to burn it, and honestly I only have myself to blame. Idk man, I was so hungry that I finished my food in under five minutes, my life is actually a joke sometimes. My friends keep making plans and cancelling at the last minute.",0
"With this intelligent system, users can effortlessly gain deeper insights into the authenticity of text appearing in your documents or projects, so you can stay confident about the origin of your text. Designed for modern creators, this tool helps you improve transparency when sharing or reviewing AI-assisted writing, so you can stay confident about the origin of your text. With this intelligent system, users can effortlessly quickly evaluate multiple samples of writing without manual inspection, while maintaining an intuitive and user-friendly interface.",1
"This project aims to explore the role of natural language processing in modern software applications, which may assist organizations in making informed decisions. The rapid growth of artificial intelligence has significantly influenced the challenges associated with maintaining fairness, privacy, and reliability, thus highlighting the importance of robust evaluation pipelines. This project aims to explore the broader implications of deploying automated language models at scale, which ultimately benefits both developers and end users. Logging and monitoring are recommended when deploying the system in production.",1
"Dude, I saved the file but now I can’t find where I saved it, I swear the universe is trolling me. Real talk, the app just crashed the exact second I hit save, and now I’m just here questioning my decisions. Bruh, my laptop sounds like a jet engine every time I open VS Code, and I still act surprised every time. Real talk, my phone was at 5% and of course that’s when everyone decides to call, I really need to get my life together. I keep saying I’ll start going to the gym ‘next Monday’.",0
"Lowkey feeling like I saved the file but now I can’t find where I saved it, I can’t even be mad, this is on me. Lmao, I was supposed to study but ended up scrolling reels for like two hours, like why does this always happen to me. No cap, the app just crashed the exact second I hit save, I swear the universe is trolling me. Lmao, the power went out right when the match was getting interesting, my life is actually a joke sometimes.",0
"To understand how this model works, consider the following process: finally, the output is interpreted as either AI-generated or human-generated text, overall, the pipeline is straightforward to implement using modern deep learning libraries. With this intelligent system, users can effortlessly gain deeper insights into the authenticity of text appearing in your documents or projects, without needing any prior expertise in machine learning. The interface can be customized to match different design preferences.",1
"You can think of the entire model as a sequence of stages: finally, the output is interpreted as either AI-generated or human-generated text, which allows the system to deliver predictions with minimal latency. You can think of the entire model as a sequence of stages: after feature extraction, a dense layer with a sigmoid activation computes the final probability, overall, the pipeline is straightforward to implement using modern deep learning libraries. The detection mechanism relies on a simple but effective approach: after feature extraction, a dense layer with a sigmoid activation computes the final probability, as a result, developers can integrate the classifier into existing web applications. With this intelligent system, users can effortlessly improve transparency when sharing or reviewing AI-assisted writing, making AI more accessible and understandable for everyone. The overall design focuses on balancing accuracy, usability, and efficiency.",1
"This project aims to explore the broader implications of deploying automated language models at scale, thus highlighting the importance of robust evaluation pipelines. At a high level, the system follows this workflow: first, the raw text is tokenized and converted into numerical sequences, which allows the system to deliver predictions with minimal latency. To understand how this model works, consider the following process: then, these sequences are padded to a consistent length to form batches, as a result, developers can integrate the classifier into existing web applications. Hybrid approaches that combine rules and machine learning may further boost performance.",1
"Built with performance in mind, the platform enables you to quickly evaluate multiple samples of writing without manual inspection, making AI more accessible and understandable for everyone. In recent years, researchers have increasingly focused on the role of natural language processing in modern software applications, and this work contributes to the growing body of research on AI safety. Future updates may include support for additional languages and domains.",1
"Bro fr, I was so hungry that I finished my food in under five minutes, and now I’m just here questioning my decisions. Brooo, I opened my notes and instantly felt sleepy for no reason, now I’m just staring at the screen like 💀. Brooo, I literally forgot why I walked into the kitchen halfway there, now I’m just staring at the screen like 💀. I’ll complain about being tired but still stay up late on my phone.",0
"At a high level, the system follows this workflow: next, the encoded text is passed through an embedding layer followed by an LSTM network, overall, the pipeline is straightforward to implement using modern deep learning libraries. From a technical perspective, it is important to understand the challenges associated with maintaining fairness, privacy, and reliability, thus highlighting the importance of robust evaluation pipelines. This project aims to explore the challenges associated with maintaining fairness, privacy, and reliability, in order to build more transparent and trustworthy AI systems. You can think of the entire model as a sequence of stages: after feature extraction, a dense layer with a sigmoid activation computes the final probability, overall, the pipeline is straightforward to implement using modern deep learning libraries.",1
"Listen, I saved the file but now I can’t find where I saved it, and somehow this is becoming my daily routine. Bro, not gonna lie, my laptop sounds like a jet engine every time I open VS Code, like why does this always happen to me. Tbh, I kept saying one last episode and somehow finished the whole season, and now I’m just here questioning my decisions. Bro fr, I was so hungry that I finished my food in under five minutes, I really need to get my life together. My screen time report is basically judging my whole existence.",0
"Bro, not gonna lie, I literally forgot why I walked into the kitchen halfway there, my life is actually a joke sometimes. Not even kidding, my laptop sounds like a jet engine every time I open VS Code, I swear the universe is trolling me.",0
"Bruh, my laptop sounds like a jet engine every time I open VS Code, I can’t even be mad, this is on me. Real talk, I told myself I’d sleep early but it’s 3am and I’m still awake, and somehow this is becoming my daily routine. My friends keep making plans and cancelling at the last minute.",0
"Whether you're a student, teacher, or developer, this application lets you gain deeper insights into the authenticity of text appearing in your documents or projects, without needing any prior expertise in machine learning. Built with performance in mind, the platform enables you to enhance your workflow by adding a simple layer of AI-generated content detection, so you can stay confident about the origin of your text. The primary objective of this system is to demonstrate the challenges associated with maintaining fairness, privacy, and reliability, which ultimately benefits both developers and end users. From a technical perspective, it is important to understand the broader implications of deploying automated language models at scale, thus highlighting the importance of robust evaluation pipelines.",1
"Fr, I was supposed to study but ended up scrolling reels for like two hours, like why does this always happen to me. Honestly, the power went out right when the match was getting interesting, and now I’m just here questioning my decisions. Tbh, I was so hungry that I finished my food in under five minutes, I really need to get my life together. Half my day is just me thinking about what to eat next.",0
"Lmao, the power went out right when the match was getting interesting, I’m just done at this point. No cap, I made maggi and still somehow managed to burn it, I’m just done at this point. Dude, I opened my notes and instantly felt sleepy for no reason, my life is actually a joke sometimes. Tbh, I made maggi and still somehow managed to burn it, like why does this always happen to me. My screen time report is basically judging my whole existence.",0
"In recent years, researchers have increasingly focused on how machine learning models can distinguish between human-written and AI-generated content, which ultimately benefits both developers and end users. Our AI-powered detector provides a seamless way to analyze written content and determine whether it was generated by a human or an AI model, making AI more accessible and understandable for everyone. Whether you're a student, teacher, or developer, this application lets you improve transparency when sharing or reviewing AI-assisted writing, so you can stay confident about the origin of your text. The primary objective of this system is to demonstrate various strategies for improving classification accuracy on real-world datasets, and this work contributes to the growing body of research on AI safety. The overall design focuses on balancing accuracy, usability, and efficiency.",1
"With this intelligent system, users can effortlessly improve transparency when sharing or reviewing AI-assisted writing, so you can stay confident about the origin of your text. The detection mechanism relies on a simple but effective approach: next, the encoded text is passed through an embedding layer followed by an LSTM network, this makes the model suitable for real-time applications with moderate resource usage. The underlying architecture can be extended using transformer-based models.",1
"No cap, I saved the file but now I can’t find where I saved it, and honestly I only have myself to blame. Bruh, my wifi keeps dying whenever I actually decide to be productive, I swear the universe is trolling me. I keep setting alarms and then snoozing all of them.",0
"Not even kidding, the bus was so crowded I couldn't even move my arm to check my phone, and somehow this is becoming my daily routine. Lowkey feeling like I literally forgot why I walked into the kitchen halfway there, I really need to get my life together. Every time I say 'from tomorrow', that tomorrow never comes.",0
"In recent years, researchers have increasingly focused on the broader implications of deploying automated language models at scale, thus highlighting the importance of robust evaluation pipelines. The classification pipeline can be broken down into several steps: after feature extraction, a dense layer with a sigmoid activation computes the final probability, thereby creating a practical tool for educational and experimental purposes. In recent years, researchers have increasingly focused on various strategies for improving classification accuracy on real-world datasets, thus highlighting the importance of robust evaluation pipelines. This classifier serves as a starting point for exploring responsible AI practices.",1
"Fr, the power went out right when the match was getting interesting, and I still act surprised every time. Idk man, I saved the file but now I can’t find where I saved it, I need a reset button for real. Listen, the power went out right when the match was getting interesting, and somehow this is becoming my daily routine. My screen time report is basically judging my whole existence.",0
"This project aims to explore the challenges associated with maintaining fairness, privacy, and reliability, in order to build more transparent and trustworthy AI systems. The rapid growth of artificial intelligence has significantly influenced how machine learning models can distinguish between human-written and AI-generated content, in order to build more transparent and trustworthy AI systems. The underlying architecture can be extended using transformer-based models.",1
"Bro fr, I saved the file but now I can’t find where I saved it, like why does this always happen to me. Real talk, I opened my notes and instantly felt sleepy for no reason, and honestly I only have myself to blame. My screen time report is basically judging my whole existence.",0
"Brooo, my laptop sounds like a jet engine every time I open VS Code, I can’t even be mad, this is on me. No cap, I was so hungry that I finished my food in under five minutes, like why does this always happen to me. Half my day is just me thinking about what to eat next.",0
"The classification pipeline can be broken down into several steps: next, the encoded text is passed through an embedding layer followed by an LSTM network, thereby creating a practical tool for educational and experimental purposes. The rapid growth of artificial intelligence has significantly influenced the role of natural language processing in modern software applications, thus highlighting the importance of robust evaluation pipelines. The interface can be customized to match different design preferences.",1
"No cap, the bus was so crowded I couldn't even move my arm to check my phone, I can’t even be mad, this is on me. Lmao, I kept saying one last episode and somehow finished the whole season, and now I’m just here questioning my decisions. Tbh, I saved the file but now I can’t find where I saved it, my life is actually a joke sometimes. No cap, the app just crashed the exact second I hit save, I can’t even be mad, this is on me. I keep setting alarms and then snoozing all of them.",0
"Idk man, I opened my notes and instantly felt sleepy for no reason, I can’t even be mad, this is on me. Bro fr, I saved the file but now I can’t find where I saved it, and somehow this is becoming my daily routine. Real talk, I made maggi and still somehow managed to burn it, I can’t even be mad, this is on me.",0
"Fr, my wifi keeps dying whenever I actually decide to be productive, it be like that sometimes fr. Fr, my wifi keeps dying whenever I actually decide to be productive, like why does this always happen to me. Brooo, the app just crashed the exact second I hit save, and honestly I only have myself to blame. Honestly, my wifi keeps dying whenever I actually decide to be productive, like why does this always happen to me.",0
"The detection mechanism relies on a simple but effective approach: after feature extraction, a dense layer with a sigmoid activation computes the final probability, as a result, developers can integrate the classifier into existing web applications. The classification pipeline can be broken down into several steps: after feature extraction, a dense layer with a sigmoid activation computes the final probability, thereby creating a practical tool for educational and experimental purposes. You can think of the entire model as a sequence of stages: first, the raw text is tokenized and converted into numerical sequences, which allows the system to deliver predictions with minimal latency.",1
"Whether you're a student, teacher, or developer, this application lets you improve transparency when sharing or reviewing AI-assisted writing, making AI more accessible and understandable for everyone. Built with performance in mind, the platform enables you to quickly evaluate multiple samples of writing without manual inspection, without needing any prior expertise in machine learning.",1
"Idk man, the power went out right when the match was getting interesting, I keep saying I'll change, but do I? No. Bro, not gonna lie, I opened my notes and instantly felt sleepy for no reason, and I'm still pretending everything is fine. Fr, my wifi keeps dying whenever I actually decide to be productive, my life is actually a joke sometimes. Lmao, my phone was at 5% and of course that’s when everyone decides to call, and now I’m just here questioning my decisions.",0
"Brooo, my laptop sounds like a jet engine every time I open VS Code, my life is actually a joke sometimes. Idk man, the app just crashed the exact second I hit save, and I'm still pretending everything is fine.",0
"Lowkey feeling like I joined the online class and the teacher immediately took my name, my life is actually a joke sometimes. Fr, I was supposed to study but ended up scrolling reels for like two hours, and now I’m just here questioning my decisions. Lowkey feeling like the bus was so crowded I couldn't even move my arm to check my phone, I keep saying I'll change, but do I? No. Idk man, I was supposed to study but ended up scrolling reels for like two hours, I need a reset button for real.",0
"The detection mechanism relies on a simple but effective approach: after feature extraction, a dense layer with a sigmoid activation computes the final probability, which allows the system to deliver predictions with minimal latency. This project aims to explore various strategies for improving classification accuracy on real-world datasets, which may assist organizations in making informed decisions. From a technical perspective, it is important to understand the role of natural language processing in modern software applications, and this work contributes to the growing body of research on AI safety. The underlying architecture can be extended using transformer-based models.",1
"Our AI-powered detector provides a seamless way to quickly evaluate multiple samples of writing without manual inspection, while maintaining an intuitive and user-friendly interface. The rapid growth of artificial intelligence has significantly influenced the broader implications of deploying automated language models at scale, thus highlighting the importance of robust evaluation pipelines. Designed for modern creators, this tool helps you analyze written content and determine whether it was generated by a human or an AI model, while maintaining an intuitive and user-friendly interface.",1
"Lowkey feeling like the bus was so crowded I couldn't even move my arm to check my phone, I really need to get my life together. Honestly, my laptop sounds like a jet engine every time I open VS Code, my life is actually a joke sometimes. Real talk, the power went out right when the match was getting interesting, my life is actually a joke sometimes.",0
"Whether you're a student, teacher, or developer, this application lets you quickly evaluate multiple samples of writing without manual inspection, in just a few clicks directly from your browser. The primary objective of this system is to demonstrate how machine learning models can distinguish between human-written and AI-generated content, in order to build more transparent and trustworthy AI systems. The detection mechanism relies on a simple but effective approach: then, these sequences are padded to a consistent length to form batches, this makes the model suitable for real-time applications with moderate resource usage. The underlying architecture can be extended using transformer-based models.",1
"Honestly, I opened my notes and instantly felt sleepy for no reason, I need a reset button for real. Lmao, I opened my notes and instantly felt sleepy for no reason, like why does this always happen to me.",0
"This project aims to explore various strategies for improving classification accuracy on real-world datasets, in order to build more transparent and trustworthy AI systems. From a technical perspective, it is important to understand how machine learning models can distinguish between human-written and AI-generated content, thus highlighting the importance of robust evaluation pipelines. The interface can be customized to match different design preferences.",1
"Honestly, my laptop sounds like a jet engine every time I open VS Code, I keep saying I'll change, but do I? No. Brooo, I literally forgot why I walked into the kitchen halfway there, like why does this always happen to me. I was supposed to drink more water this week, but here we are.",0
"Honestly, I joined the online class and the teacher immediately took my name, and somehow this is becoming my daily routine. Dude, I opened my notes and instantly felt sleepy for no reason, I swear the universe is trolling me. Honestly, my wifi keeps dying whenever I actually decide to be productive, and I'm still pretending everything is fine. I was supposed to drink more water this week, but here we are.",0
"Honestly, my laptop sounds like a jet engine every time I open VS Code, my life is actually a joke sometimes. Tbh, the bus was so crowded I couldn't even move my arm to check my phone, I swear the universe is trolling me. Lowkey feeling like my laptop sounds like a jet engine every time I open VS Code, and honestly I only have myself to blame. Listen, my wifi keeps dying whenever I actually decide to be productive, and I still act surprised every time.",0
"From a technical perspective, it is important to understand the challenges associated with maintaining fairness, privacy, and reliability, which may assist organizations in making informed decisions. Designed for modern creators, this tool helps you enhance your workflow by adding a simple layer of AI-generated content detection, without needing any prior expertise in machine learning.",1
"The primary objective of this system is to demonstrate the role of natural language processing in modern software applications, and this work contributes to the growing body of research on AI safety. From a technical perspective, it is important to understand the broader implications of deploying automated language models at scale, which ultimately benefits both developers and end users.",1
"Not even kidding, the app just crashed the exact second I hit save, I swear the universe is trolling me. Bro, not gonna lie, the power went out right when the match was getting interesting, and somehow this is becoming my daily routine. Bro fr, my wifi keeps dying whenever I actually decide to be productive, I really need to get my life together. I’ll complain about being tired but still stay up late on my phone.",0
"The primary objective of this system is to demonstrate the challenges associated with maintaining fairness, privacy, and reliability, which ultimately benefits both developers and end users. At a high level, the system follows this workflow: after feature extraction, a dense layer with a sigmoid activation computes the final probability, which allows the system to deliver predictions with minimal latency.",1
"With this intelligent system, users can effortlessly improve transparency when sharing or reviewing AI-assisted writing, making AI more accessible and understandable for everyone. The detection mechanism relies on a simple but effective approach: first, the raw text is tokenized and converted into numerical sequences, as a result, developers can integrate the classifier into existing web applications. Logging and monitoring are recommended when deploying the system in production.",1
"Not even kidding, I was so hungry that I finished my food in under five minutes, and honestly I only have myself to blame. Bruh, I literally forgot why I walked into the kitchen halfway there, and honestly I only have myself to blame. Lmao, I was so hungry that I finished my food in under five minutes, I really need to get my life together. I keep saying I’ll start going to the gym ‘next Monday’.",0
"The rapid growth of artificial intelligence has significantly influenced the challenges associated with maintaining fairness, privacy, and reliability, which ultimately benefits both developers and end users. To understand how this model works, consider the following process: after feature extraction, a dense layer with a sigmoid activation computes the final probability, this makes the model suitable for real-time applications with moderate resource usage. At a high level, the system follows this workflow: then, these sequences are padded to a consistent length to form batches, overall, the pipeline is straightforward to implement using modern deep learning libraries. In recent years, researchers have increasingly focused on various strategies for improving classification accuracy on real-world datasets, and this work contributes to the growing body of research on AI safety. Logging and monitoring are recommended when deploying the system in production.",1
"The rapid growth of artificial intelligence has significantly influenced how machine learning models can distinguish between human-written and AI-generated content, and this work contributes to the growing body of research on AI safety. From a technical perspective, it is important to understand the challenges associated with maintaining fairness, privacy, and reliability, which may assist organizations in making informed decisions. Our AI-powered detector provides a seamless way to quickly evaluate multiple samples of writing without manual inspection, without needing any prior expertise in machine learning. The rapid growth of artificial intelligence has significantly influenced the broader implications of deploying automated language models at scale, in order to build more transparent and trustworthy AI systems. Future updates may include support for additional languages and domains.",1
"Idk man, I saved the file but now I can’t find where I saved it, now I’m just staring at the screen like 💀. Lmao, I kept saying one last episode and somehow finished the whole season, my life is actually a joke sometimes. Sometimes I open WhatsApp and forget why I opened it.",0
"Lowkey feeling like my laptop sounds like a jet engine every time I open VS Code, I need a reset button for real. Honestly, I saved the file but now I can’t find where I saved it, and now I’m just here questioning my decisions. Real talk, I joined the online class and the teacher immediately took my name, and honestly I only have myself to blame. Not even kidding, the power went out right when the match was getting interesting, now I’m just staring at the screen like 💀.",0
"Bro, not gonna lie, the bus was so crowded I couldn't even move my arm to check my phone, now I’m just staring at the screen like 💀. Tbh, I told myself I’d sleep early but it’s 3am and I’m still awake, and now I’m just here questioning my decisions. Lowkey feeling like I was so hungry that I finished my food in under five minutes, and somehow this is becoming my daily routine. Bruh, my laptop sounds like a jet engine every time I open VS Code, I’m just done at this point.",0
"With this intelligent system, users can effortlessly improve transparency when sharing or reviewing AI-assisted writing, without needing any prior expertise in machine learning. Built with performance in mind, the platform enables you to improve transparency when sharing or reviewing AI-assisted writing, in just a few clicks directly from your browser. Careful dataset curation remains essential for achieving reliable outcomes.",1
"At a high level, the system follows this workflow: then, these sequences are padded to a consistent length to form batches, as a result, developers can integrate the classifier into existing web applications. Designed for modern creators, this tool helps you quickly evaluate multiple samples of writing without manual inspection, in just a few clicks directly from your browser. To understand how this model works, consider the following process: finally, the output is interpreted as either AI-generated or human-generated text, overall, the pipeline is straightforward to implement using modern deep learning libraries. Whether you're a student, teacher, or developer, this application lets you enhance your workflow by adding a simple layer of AI-generated content detection, so you can stay confident about the origin of your text. Careful dataset curation remains essential for achieving reliable outcomes.",1
"Built with performance in mind, the platform enables you to enhance your workflow by adding a simple layer of AI-generated content detection, making AI more accessible and understandable for everyone. With this intelligent system, users can effortlessly improve transparency when sharing or reviewing AI-assisted writing, so you can stay confident about the origin of your text. The rapid growth of artificial intelligence has significantly influenced the challenges associated with maintaining fairness, privacy, and reliability, and this work contributes to the growing body of research on AI safety. Future updates may include support for additional languages and domains.",1
"Fr, I literally forgot why I walked into the kitchen halfway there, like why does this always happen to me. Bruh, I was supposed to study but ended up scrolling reels for like two hours, and I'm still pretending everything is fine. Tbh, I literally forgot why I walked into the kitchen halfway there, I keep saying I'll change, but do I? No.",0
"Idk man, I told myself I’d sleep early but it’s 3am and I’m still awake, now I’m just staring at the screen like 💀. Bro fr, my phone was at 5% and of course that’s when everyone decides to call, I swear the universe is trolling me. Lowkey feeling like I literally forgot why I walked into the kitchen halfway there, now I’m just staring at the screen like 💀. Lmao, I kept saying one last episode and somehow finished the whole season, I can’t even be mad, this is on me. I was supposed to drink more water this week, but here we are.",0
"Bro fr, I was so hungry that I finished my food in under five minutes, and I'm still pretending everything is fine. No cap, I was supposed to study but ended up scrolling reels for like two hours, now I’m just staring at the screen like 💀. Bruh, I saved the file but now I can’t find where I saved it, I’m just done at this point. Sometimes I open WhatsApp and forget why I opened it.",0
"Real talk, I kept saying one last episode and somehow finished the whole season, my life is actually a joke sometimes. No cap, I saved the file but now I can’t find where I saved it, I need a reset button for real. Idk man, I literally forgot why I walked into the kitchen halfway there, my life is actually a joke sometimes.",0
"With this intelligent system, users can effortlessly improve transparency when sharing or reviewing AI-assisted writing, making AI more accessible and understandable for everyone. The rapid growth of artificial intelligence has significantly influenced how machine learning models can distinguish between human-written and AI-generated content, in order to build more transparent and trustworthy AI systems. Designed for modern creators, this tool helps you gain deeper insights into the authenticity of text appearing in your documents or projects, without needing any prior expertise in machine learning. Our AI-powered detector provides a seamless way to improve transparency when sharing or reviewing AI-assisted writing, in just a few clicks directly from your browser. The interface can be customized to match different design preferences.",1
"The primary objective of this system is to demonstrate the broader implications of deploying automated language models at scale, which may assist organizations in making informed decisions. You can think of the entire model as a sequence of stages: finally, the output is interpreted as either AI-generated or human-generated text, as a result, developers can integrate the classifier into existing web applications. The detection mechanism relies on a simple but effective approach: finally, the output is interpreted as either AI-generated or human-generated text, as a result, developers can integrate the classifier into existing web applications. Whether you're a student, teacher, or developer, this application lets you gain deeper insights into the authenticity of text appearing in your documents or projects, while maintaining an intuitive and user-friendly interface. Hybrid approaches that combine rules and machine learning may further boost performance.",1
"Fr, the bus was so crowded I couldn't even move my arm to check my phone, it be like that sometimes fr. Listen, my wifi keeps dying whenever I actually decide to be productive, I swear the universe is trolling me. Brooo, I told myself I’d sleep early but it’s 3am and I’m still awake, and I still act surprised every time. No cap, my laptop sounds like a jet engine every time I open VS Code, and I still act surprised every time.",0
"Designed for modern creators, this tool helps you gain deeper insights into the authenticity of text appearing in your documents or projects, in just a few clicks directly from your browser. Whether you're a student, teacher, or developer, this application lets you improve transparency when sharing or reviewing AI-assisted writing, so you can stay confident about the origin of your text. Whether you're a student, teacher, or developer, this application lets you improve transparency when sharing or reviewing AI-assisted writing, without needing any prior expertise in machine learning. Hybrid approaches that combine rules and machine learning may further boost performance.",1
"The classification pipeline can be broken down into several steps: then, these sequences are padded to a consistent length to form batches, thereby creating a practical tool for educational and experimental purposes. In recent years, researchers have increasingly focused on how machine learning models can distinguish between human-written and AI-generated content, in order to build more transparent and trustworthy AI systems. The interface can be customized to match different design preferences.",1
"You can think of the entire model as a sequence of stages: then, these sequences are padded to a consistent length to form batches, overall, the pipeline is straightforward to implement using modern deep learning libraries. Our AI-powered detector provides a seamless way to quickly evaluate multiple samples of writing without manual inspection, while maintaining an intuitive and user-friendly interface. The rapid growth of artificial intelligence has significantly influenced various strategies for improving classification accuracy on real-world datasets, and this work contributes to the growing body of research on AI safety. Built with performance in mind, the platform enables you to gain deeper insights into the authenticity of text appearing in your documents or projects, making AI more accessible and understandable for everyone. The overall design focuses on balancing accuracy, usability, and efficiency.",1
"Built with performance in mind, the platform enables you to improve transparency when sharing or reviewing AI-assisted writing, making AI more accessible and understandable for everyone. The classification pipeline can be broken down into several steps: next, the encoded text is passed through an embedding layer followed by an LSTM network, as a result, developers can integrate the classifier into existing web applications. The classification pipeline can be broken down into several steps: finally, the output is interpreted as either AI-generated or human-generated text, as a result, developers can integrate the classifier into existing web applications. The underlying architecture can be extended using transformer-based models.",1
"Whether you're a student, teacher, or developer, this application lets you gain deeper insights into the authenticity of text appearing in your documents or projects, making AI more accessible and understandable for everyone. Designed for modern creators, this tool helps you quickly evaluate multiple samples of writing without manual inspection, making AI more accessible and understandable for everyone. Hybrid approaches that combine rules and machine learning may further boost performance.",1
"The rapid growth of artificial intelligence has significantly influenced the broader implications of deploying automated language models at scale, and this work contributes to the growing body of research on AI safety. The primary objective of this system is to demonstrate how machine learning models can distinguish between human-written and AI-generated content, which may assist organizations in making informed decisions. Users are encouraged to provide feedback to continuously improve the tool.",1
"Not even kidding, I kept saying one last episode and somehow finished the whole season, I keep saying I'll change, but do I? No. Real talk, my phone was at 5% and of course that’s when everyone decides to call, now I’m just staring at the screen like 💀. Lmao, my wifi keeps dying whenever I actually decide to be productive, it be like that sometimes fr. Sometimes I open WhatsApp and forget why I opened it.",0
"The detection mechanism relies on a simple but effective approach: after feature extraction, a dense layer with a sigmoid activation computes the final probability, as a result, developers can integrate the classifier into existing web applications. This project aims to explore how machine learning models can distinguish between human-written and AI-generated content, and this work contributes to the growing body of research on AI safety. Our AI-powered detector provides a seamless way to gain deeper insights into the authenticity of text appearing in your documents or projects, so you can stay confident about the origin of your text. This project aims to explore the role of natural language processing in modern software applications, which ultimately benefits both developers and end users.",1
"Dude, I opened my notes and instantly felt sleepy for no reason, I can’t even be mad, this is on me. Bro fr, my wifi keeps dying whenever I actually decide to be productive, like why does this always happen to me. Idk man, my laptop sounds like a jet engine every time I open VS Code, I’m just done at this point.",0
"Idk man, the power went out right when the match was getting interesting, and I'm still pretending everything is fine. Listen, I saved the file but now I can’t find where I saved it, I keep saying I'll change, but do I? No. Sometimes I open WhatsApp and forget why I opened it.",0
"The rapid growth of artificial intelligence has significantly influenced the role of natural language processing in modern software applications, which may assist organizations in making informed decisions. The rapid growth of artificial intelligence has significantly influenced the challenges associated with maintaining fairness, privacy, and reliability, which may assist organizations in making informed decisions.",1
"Our AI-powered detector provides a seamless way to quickly evaluate multiple samples of writing without manual inspection, while maintaining an intuitive and user-friendly interface. Our AI-powered detector provides a seamless way to gain deeper insights into the authenticity of text appearing in your documents or projects, without needing any prior expertise in machine learning. From a technical perspective, it is important to understand the role of natural language processing in modern software applications, and this work contributes to the growing body of research on AI safety. Hybrid approaches that combine rules and machine learning may further boost performance.",1
"Lmao, I opened my notes and instantly felt sleepy for no reason, it be like that sometimes fr. Bro fr, my phone was at 5% and of course that’s when everyone decides to call, I need a reset button for real. I was supposed to drink more water this week, but here we are.",0
"Dude, I opened my notes and instantly felt sleepy for no reason, now I’m just staring at the screen like 💀. Tbh, I was so hungry that I finished my food in under five minutes, and I'm still pretending everything is fine. Listen, I kept saying one last episode and somehow finished the whole season, my life is actually a joke sometimes. Lmao, I saved the file but now I can’t find where I saved it, and I'm still pretending everything is fine.",0
"Bruh, I made maggi and still somehow managed to burn it, and I'm still pretending everything is fine. Idk man, my wifi keeps dying whenever I actually decide to be productive, and I'm still pretending everything is fine. The only thing consistent about me is my inconsistency.",0
"Idk man, my wifi keeps dying whenever I actually decide to be productive, I can’t even be mad, this is on me. Honestly, my phone was at 5% and of course that’s when everyone decides to call, now I’m just staring at the screen like 💀. Lmao, the bus was so crowded I couldn't even move my arm to check my phone, now I’m just staring at the screen like 💀. Lowkey feeling like I made maggi and still somehow managed to burn it, and honestly I only have myself to blame. My friends keep making plans and cancelling at the last minute.",0
"Honestly, I told myself I’d sleep early but it’s 3am and I’m still awake, my life is actually a joke sometimes. Bro fr, I was so hungry that I finished my food in under five minutes, I keep saying I'll change, but do I? No. Bruh, I opened my notes and instantly felt sleepy for no reason, and somehow this is becoming my daily routine. Not even kidding, I was so hungry that I finished my food in under five minutes, now I’m just staring at the screen like 💀. My screen time report is basically judging my whole existence.",0
"With this intelligent system, users can effortlessly analyze written content and determine whether it was generated by a human or an AI model, while maintaining an intuitive and user-friendly interface. Whether you're a student, teacher, or developer, this application lets you enhance your workflow by adding a simple layer of AI-generated content detection, making AI more accessible and understandable for everyone. The classification pipeline can be broken down into several steps: next, the encoded text is passed through an embedding layer followed by an LSTM network, as a result, developers can integrate the classifier into existing web applications. The detection mechanism relies on a simple but effective approach: first, the raw text is tokenized and converted into numerical sequences, this makes the model suitable for real-time applications with moderate resource usage. The interface can be customized to match different design preferences.",1
"Our AI-powered detector provides a seamless way to analyze written content and determine whether it was generated by a human or an AI model, so you can stay confident about the origin of your text. With this intelligent system, users can effortlessly improve transparency when sharing or reviewing AI-assisted writing, while maintaining an intuitive and user-friendly interface. The rapid growth of artificial intelligence has significantly influenced the role of natural language processing in modern software applications, which ultimately benefits both developers and end users.",1
"Brooo, I told myself I’d sleep early but it’s 3am and I’m still awake, I swear the universe is trolling me. Not even kidding, I told myself I’d sleep early but it’s 3am and I’m still awake, it be like that sometimes fr. Bruh, the app just crashed the exact second I hit save, I swear the universe is trolling me. Tbh, my wifi keeps dying whenever I actually decide to be productive, and I'm still pretending everything is fine. Every time I say 'from tomorrow', that tomorrow never comes.",0
"You can think of the entire model as a sequence of stages: first, the raw text is tokenized and converted into numerical sequences, this makes the model suitable for real-time applications with moderate resource usage. The detection mechanism relies on a simple but effective approach: after feature extraction, a dense layer with a sigmoid activation computes the final probability, as a result, developers can integrate the classifier into existing web applications. From a technical perspective, it is important to understand the challenges associated with maintaining fairness, privacy, and reliability, which may assist organizations in making informed decisions.",1
"Whether you're a student, teacher, or developer, this application lets you quickly evaluate multiple samples of writing without manual inspection, without needing any prior expertise in machine learning. Our AI-powered detector provides a seamless way to improve transparency when sharing or reviewing AI-assisted writing, making AI more accessible and understandable for everyone. Designed for modern creators, this tool helps you gain deeper insights into the authenticity of text appearing in your documents or projects, so you can stay confident about the origin of your text.",1
"The classification pipeline can be broken down into several steps: next, the encoded text is passed through an embedding layer followed by an LSTM network, thereby creating a practical tool for educational and experimental purposes. In recent years, researchers have increasingly focused on the challenges associated with maintaining fairness, privacy, and reliability, which ultimately benefits both developers and end users. This classifier serves as a starting point for exploring responsible AI practices.",1
"The detection mechanism relies on a simple but effective approach: next, the encoded text is passed through an embedding layer followed by an LSTM network, as a result, developers can integrate the classifier into existing web applications. The rapid growth of artificial intelligence has significantly influenced how machine learning models can distinguish between human-written and AI-generated content, thus highlighting the importance of robust evaluation pipelines. Built with performance in mind, the platform enables you to gain deeper insights into the authenticity of text appearing in your documents or projects, without needing any prior expertise in machine learning. With this intelligent system, users can effortlessly analyze written content and determine whether it was generated by a human or an AI model, without needing any prior expertise in machine learning. Future updates may include support for additional languages and domains.",1
"Idk man, I was supposed to study but ended up scrolling reels for like two hours, I swear the universe is trolling me. No cap, I opened my notes and instantly felt sleepy for no reason, and now I’m just here questioning my decisions. Dude, the power went out right when the match was getting interesting, and honestly I only have myself to blame. Idk man, my laptop sounds like a jet engine every time I open VS Code, and honestly I only have myself to blame. My screen time report is basically judging my whole existence.",0
"Tbh, the app just crashed the exact second I hit save, I can’t even be mad, this is on me. Not even kidding, I made maggi and still somehow managed to burn it, I really need to get my life together. Lmao, I literally forgot why I walked into the kitchen halfway there, and honestly I only have myself to blame.",0
"From a technical perspective, it is important to understand how machine learning models can distinguish between human-written and AI-generated content, which may assist organizations in making informed decisions. At a high level, the system follows this workflow: finally, the output is interpreted as either AI-generated or human-generated text, thereby creating a practical tool for educational and experimental purposes. Careful dataset curation remains essential for achieving reliable outcomes.",1
"Bro fr, I literally forgot why I walked into the kitchen halfway there, and now I’m just here questioning my decisions. Bro fr, I saved the file but now I can’t find where I saved it, and I still act surprised every time. The only thing consistent about me is my inconsistency.",0
"Bruh, I was so hungry that I finished my food in under five minutes, I need a reset button for real. Dude, the bus was so crowded I couldn't even move my arm to check my phone, I can’t even be mad, this is on me. No cap, I kept saying one last episode and somehow finished the whole season, like why does this always happen to me. Tbh, my phone was at 5% and of course that’s when everyone decides to call, and honestly I only have myself to blame.",0
"Lowkey feeling like my laptop sounds like a jet engine every time I open VS Code, I keep saying I'll change, but do I? No. Bruh, my wifi keeps dying whenever I actually decide to be productive, I’m just done at this point. Tbh, the app just crashed the exact second I hit save, I can’t even be mad, this is on me. Dude, I saved the file but now I can’t find where I saved it, I can’t even be mad, this is on me. Sometimes I open WhatsApp and forget why I opened it.",0
"The primary objective of this system is to demonstrate how machine learning models can distinguish between human-written and AI-generated content, in order to build more transparent and trustworthy AI systems. The rapid growth of artificial intelligence has significantly influenced the challenges associated with maintaining fairness, privacy, and reliability, in order to build more transparent and trustworthy AI systems. From a technical perspective, it is important to understand how machine learning models can distinguish between human-written and AI-generated content, which may assist organizations in making informed decisions. With this intelligent system, users can effortlessly enhance your workflow by adding a simple layer of AI-generated content detection, so you can stay confident about the origin of your text.",1
"Fr, I literally forgot why I walked into the kitchen halfway there, my life is actually a joke sometimes. Real talk, the power went out right when the match was getting interesting, and now I’m just here questioning my decisions. Idk man, my wifi keeps dying whenever I actually decide to be productive, it be like that sometimes fr. Not even kidding, my laptop sounds like a jet engine every time I open VS Code, I keep saying I'll change, but do I? No. I’ll complain about being tired but still stay up late on my phone.",0
"Lowkey feeling like the bus was so crowded I couldn't even move my arm to check my phone, I really need to get my life together. Bro fr, I opened my notes and instantly felt sleepy for no reason, I can’t even be mad, this is on me. No cap, my wifi keeps dying whenever I actually decide to be productive, like why does this always happen to me.",0
"Built with performance in mind, the platform enables you to improve transparency when sharing or reviewing AI-assisted writing, so you can stay confident about the origin of your text. The primary objective of this system is to demonstrate the broader implications of deploying automated language models at scale, which may assist organizations in making informed decisions. In recent years, researchers have increasingly focused on the broader implications of deploying automated language models at scale, and this work contributes to the growing body of research on AI safety.",1
"Designed for modern creators, this tool helps you improve transparency when sharing or reviewing AI-assisted writing, without needing any prior expertise in machine learning. Designed for modern creators, this tool helps you analyze written content and determine whether it was generated by a human or an AI model, so you can stay confident about the origin of your text. The interface can be customized to match different design preferences.",1
"With this intelligent system, users can effortlessly gain deeper insights into the authenticity of text appearing in your documents or projects, so you can stay confident about the origin of your text. The primary objective of this system is to demonstrate various strategies for improving classification accuracy on real-world datasets, which ultimately benefits both developers and end users. Whether you're a student, teacher, or developer, this application lets you analyze written content and determine whether it was generated by a human or an AI model, without needing any prior expertise in machine learning. Built with performance in mind, the platform enables you to analyze written content and determine whether it was generated by a human or an AI model, in just a few clicks directly from your browser.",1
"At a high level, the system follows this workflow: finally, the output is interpreted as either AI-generated or human-generated text, as a result, developers can integrate the classifier into existing web applications. This project aims to explore the challenges associated with maintaining fairness, privacy, and reliability, which may assist organizations in making informed decisions. Logging and monitoring are recommended when deploying the system in production.",1
"Brooo, I was so hungry that I finished my food in under five minutes, I can’t even be mad, this is on me. Real talk, my wifi keeps dying whenever I actually decide to be productive, I keep saying I'll change, but do I? No. Honestly, my laptop sounds like a jet engine every time I open VS Code, my life is actually a joke sometimes. Bro, not gonna lie, I saved the file but now I can’t find where I saved it, I’m just done at this point.",0
"Lowkey feeling like I told myself I’d sleep early but it’s 3am and I’m still awake, and I'm still pretending everything is fine. Bro, not gonna lie, my wifi keeps dying whenever I actually decide to be productive, and I'm still pretending everything is fine. Lowkey feeling like I opened my notes and instantly felt sleepy for no reason, I keep saying I'll change, but do I? No.",0
"Fr, I was so hungry that I finished my food in under five minutes, and somehow this is becoming my daily routine. Lowkey feeling like I joined the online class and the teacher immediately took my name, I keep saying I'll change, but do I? No. Brooo, the app just crashed the exact second I hit save, my life is actually a joke sometimes.",0
"The classification pipeline can be broken down into several steps: first, the raw text is tokenized and converted into numerical sequences, which allows the system to deliver predictions with minimal latency. From a technical perspective, it is important to understand how machine learning models can distinguish between human-written and AI-generated content, and this work contributes to the growing body of research on AI safety. Users are encouraged to provide feedback to continuously improve the tool.",1
"Honestly, I told myself I’d sleep early but it’s 3am and I’m still awake, now I’m just staring at the screen like 💀. Real talk, my phone was at 5% and of course that’s when everyone decides to call, I need a reset button for real. Tbh, I literally forgot why I walked into the kitchen halfway there, and now I’m just here questioning my decisions. Dude, I kept saying one last episode and somehow finished the whole season, and I'm still pretending everything is fine. I keep setting alarms and then snoozing all of them.",0
"This project aims to explore the broader implications of deploying automated language models at scale, which may assist organizations in making informed decisions. This project aims to explore various strategies for improving classification accuracy on real-world datasets, thus highlighting the importance of robust evaluation pipelines. Whether you're a student, teacher, or developer, this application lets you enhance your workflow by adding a simple layer of AI-generated content detection, without needing any prior expertise in machine learning.",1
"Built with performance in mind, the platform enables you to gain deeper insights into the authenticity of text appearing in your documents or projects, so you can stay confident about the origin of your text. Our AI-powered detector provides a seamless way to gain deeper insights into the authenticity of text appearing in your documents or projects, in just a few clicks directly from your browser. The rapid growth of artificial intelligence has significantly influenced the challenges associated with maintaining fairness, privacy, and reliability, thus highlighting the importance of robust evaluation pipelines. Future updates may include support for additional languages and domains.",1
"The rapid growth of artificial intelligence has significantly influenced various strategies for improving classification accuracy on real-world datasets, and this work contributes to the growing body of research on AI safety. The detection mechanism relies on a simple but effective approach: finally, the output is interpreted as either AI-generated or human-generated text, overall, the pipeline is straightforward to implement using modern deep learning libraries. This project aims to explore various strategies for improving classification accuracy on real-world datasets, which may assist organizations in making informed decisions.",1
"From a technical perspective, it is important to understand the broader implications of deploying automated language models at scale, thus highlighting the importance of robust evaluation pipelines. Whether you're a student, teacher, or developer, this application lets you analyze written content and determine whether it was generated by a human or an AI model, without needing any prior expertise in machine learning. Careful dataset curation remains essential for achieving reliable outcomes.",1
"Not even kidding, I kept saying one last episode and somehow finished the whole season, and now I’m just here questioning my decisions. Real talk, my laptop sounds like a jet engine every time I open VS Code, and I still act surprised every time. Sometimes I open WhatsApp and forget why I opened it.",0
"Bro, not gonna lie, I made maggi and still somehow managed to burn it, I keep saying I'll change, but do I? No. Bruh, I told myself I’d sleep early but it’s 3am and I’m still awake, I keep saying I'll change, but do I? No. Half my day is just me thinking about what to eat next.",0
"Bro, not gonna lie, I kept saying one last episode and somehow finished the whole season, I swear the universe is trolling me. Idk man, the bus was so crowded I couldn't even move my arm to check my phone, it be like that sometimes fr. Honestly, I was so hungry that I finished my food in under five minutes, it be like that sometimes fr.",0
"Designed for modern creators, this tool helps you enhance your workflow by adding a simple layer of AI-generated content detection, while maintaining an intuitive and user-friendly interface. The rapid growth of artificial intelligence has significantly influenced the challenges associated with maintaining fairness, privacy, and reliability, which may assist organizations in making informed decisions. The rapid growth of artificial intelligence has significantly influenced various strategies for improving classification accuracy on real-world datasets, and this work contributes to the growing body of research on AI safety. This classifier serves as a starting point for exploring responsible AI practices.",1
"Dude, the bus was so crowded I couldn't even move my arm to check my phone, I keep saying I'll change, but do I? No. No cap, the app just crashed the exact second I hit save, it be like that sometimes fr. My friends keep making plans and cancelling at the last minute.",0
"To understand how this model works, consider the following process: next, the encoded text is passed through an embedding layer followed by an LSTM network, thereby creating a practical tool for educational and experimental purposes. At a high level, the system follows this workflow: then, these sequences are padded to a consistent length to form batches, which allows the system to deliver predictions with minimal latency. The primary objective of this system is to demonstrate the role of natural language processing in modern software applications, thus highlighting the importance of robust evaluation pipelines. Designed for modern creators, this tool helps you analyze written content and determine whether it was generated by a human or an AI model, so you can stay confident about the origin of your text. Future updates may include support for additional languages and domains.",1
"Honestly, the bus was so crowded I couldn't even move my arm to check my phone, I’m just done at this point. Tbh, the power went out right when the match was getting interesting, and I'm still pretending everything is fine. Bro fr, I made maggi and still somehow managed to burn it, and somehow this is becoming my daily routine. Fr, I joined the online class and the teacher immediately took my name, my life is actually a joke sometimes.",0
"You can think of the entire model as a sequence of stages: first, the raw text is tokenized and converted into numerical sequences, which allows the system to deliver predictions with minimal latency. You can think of the entire model as a sequence of stages: next, the encoded text is passed through an embedding layer followed by an LSTM network, this makes the model suitable for real-time applications with moderate resource usage. Whether you're a student, teacher, or developer, this application lets you analyze written content and determine whether it was generated by a human or an AI model, without needing any prior expertise in machine learning. With this intelligent system, users can effortlessly quickly evaluate multiple samples of writing without manual inspection, while maintaining an intuitive and user-friendly interface. Users are encouraged to provide feedback to continuously improve the tool.",1
"Bro fr, I literally forgot why I walked into the kitchen halfway there, I need a reset button for real. Dude, my laptop sounds like a jet engine every time I open VS Code, like why does this always happen to me. Bro, not gonna lie, I made maggi and still somehow managed to burn it, I’m just done at this point. Real talk, my wifi keeps dying whenever I actually decide to be productive, and somehow this is becoming my daily routine. Every time I say 'from tomorrow', that tomorrow never comes.",0
"Designed for modern creators, this tool helps you analyze written content and determine whether it was generated by a human or an AI model, while maintaining an intuitive and user-friendly interface. The primary objective of this system is to demonstrate the challenges associated with maintaining fairness, privacy, and reliability, thus highlighting the importance of robust evaluation pipelines. The interface can be customized to match different design preferences.",1
"Not even kidding, my laptop sounds like a jet engine every time I open VS Code, I need a reset button for real. Idk man, I told myself I’d sleep early but it’s 3am and I’m still awake, my life is actually a joke sometimes. Half my day is just me thinking about what to eat next.",0
"Designed for modern creators, this tool helps you enhance your workflow by adding a simple layer of AI-generated content detection, while maintaining an intuitive and user-friendly interface. Whether you're a student, teacher, or developer, this application lets you enhance your workflow by adding a simple layer of AI-generated content detection, making AI more accessible and understandable for everyone. Users are encouraged to provide feedback to continuously improve the tool.",1
"Fr, I told myself I’d sleep early but it’s 3am and I’m still awake, and somehow this is becoming my daily routine. Not even kidding, I kept saying one last episode and somehow finished the whole season, now I’m just staring at the screen like 💀. Lowkey feeling like my wifi keeps dying whenever I actually decide to be productive, I’m just done at this point.",0
"Designed for modern creators, this tool helps you improve transparency when sharing or reviewing AI-assisted writing, while maintaining an intuitive and user-friendly interface. Built with performance in mind, the platform enables you to analyze written content and determine whether it was generated by a human or an AI model, in just a few clicks directly from your browser. Designed for modern creators, this tool helps you gain deeper insights into the authenticity of text appearing in your documents or projects, while maintaining an intuitive and user-friendly interface.",1
"No cap, my laptop sounds like a jet engine every time I open VS Code, and somehow this is becoming my daily routine. Bro, not gonna lie, my phone was at 5% and of course that’s when everyone decides to call, I swear the universe is trolling me. Brooo, the app just crashed the exact second I hit save, and I'm still pretending everything is fine. I’ll complain about being tired but still stay up late on my phone.",0
"The primary objective of this system is to demonstrate the broader implications of deploying automated language models at scale, which ultimately benefits both developers and end users. At a high level, the system follows this workflow: then, these sequences are padded to a consistent length to form batches, which allows the system to deliver predictions with minimal latency. At a high level, the system follows this workflow: next, the encoded text is passed through an embedding layer followed by an LSTM network, as a result, developers can integrate the classifier into existing web applications. From a technical perspective, it is important to understand the challenges associated with maintaining fairness, privacy, and reliability, and this work contributes to the growing body of research on AI safety.",1
"Designed for modern creators, this tool helps you quickly evaluate multiple samples of writing without manual inspection, in just a few clicks directly from your browser. With this intelligent system, users can effortlessly analyze written content and determine whether it was generated by a human or an AI model, making AI more accessible and understandable for everyone. Our AI-powered detector provides a seamless way to enhance your workflow by adding a simple layer of AI-generated content detection, in just a few clicks directly from your browser. In recent years, researchers have increasingly focused on the challenges associated with maintaining fairness, privacy, and reliability, which ultimately benefits both developers and end users.",1
"Idk man, I told myself I’d sleep early but it’s 3am and I’m still awake, I’m just done at this point. Real talk, I told myself I’d sleep early but it’s 3am and I’m still awake, I really need to get my life together.",0
"To understand how this model works, consider the following process: after feature extraction, a dense layer with a sigmoid activation computes the final probability, thereby creating a practical tool for educational and experimental purposes. At a high level, the system follows this workflow: first, the raw text is tokenized and converted into numerical sequences, this makes the model suitable for real-time applications with moderate resource usage. The interface can be customized to match different design preferences.",1
"Honestly, the power went out right when the match was getting interesting, and now I’m just here questioning my decisions. Listen, I was so hungry that I finished my food in under five minutes, and somehow this is becoming my daily routine. Listen, my phone was at 5% and of course that’s when everyone decides to call, my life is actually a joke sometimes.",0
"Idk man, the app just crashed the exact second I hit save, and somehow this is becoming my daily routine. Brooo, I opened my notes and instantly felt sleepy for no reason, and somehow this is becoming my daily routine. I was supposed to drink more water this week, but here we are.",0
"Lowkey feeling like I told myself I’d sleep early but it’s 3am and I’m still awake, and somehow this is becoming my daily routine. Bro, not gonna lie, I kept saying one last episode and somehow finished the whole season, I’m just done at this point.",0
"Dude, I saved the file but now I can’t find where I saved it, I’m just done at this point. Lmao, the app just crashed the exact second I hit save, and I still act surprised every time. Brooo, I saved the file but now I can’t find where I saved it, and somehow this is becoming my daily routine. Listen, my phone was at 5% and of course that’s when everyone decides to call, and somehow this is becoming my daily routine. My friends keep making plans and cancelling at the last minute.",0
"Designed for modern creators, this tool helps you enhance your workflow by adding a simple layer of AI-generated content detection, without needing any prior expertise in machine learning. With this intelligent system, users can effortlessly quickly evaluate multiple samples of writing without manual inspection, while maintaining an intuitive and user-friendly interface. To understand how this model works, consider the following process: next, the encoded text is passed through an embedding layer followed by an LSTM network, thereby creating a practical tool for educational and experimental purposes. This classifier serves as a starting point for exploring responsible AI practices.",1
"The detection mechanism relies on a simple but effective approach: finally, the output is interpreted as either AI-generated or human-generated text, as a result, developers can integrate the classifier into existing web applications. From a technical perspective, it is important to understand the challenges associated with maintaining fairness, privacy, and reliability, which may assist organizations in making informed decisions. The classification pipeline can be broken down into several steps: after feature extraction, a dense layer with a sigmoid activation computes the final probability, this makes the model suitable for real-time applications with moderate resource usage. The primary objective of this system is to demonstrate how machine learning models can distinguish between human-written and AI-generated content, in order to build more transparent and trustworthy AI systems. Hybrid approaches that combine rules and machine learning may further boost performance.",1
"The rapid growth of artificial intelligence has significantly influenced the broader implications of deploying automated language models at scale, and this work contributes to the growing body of research on AI safety. Built with performance in mind, the platform enables you to quickly evaluate multiple samples of writing without manual inspection, so you can stay confident about the origin of your text.",1
"From a technical perspective, it is important to understand the role of natural language processing in modern software applications, and this work contributes to the growing body of research on AI safety. This project aims to explore the role of natural language processing in modern software applications, in order to build more transparent and trustworthy AI systems. The underlying architecture can be extended using transformer-based models.",1
"Lmao, my wifi keeps dying whenever I actually decide to be productive, I’m just done at this point. Not even kidding, I was so hungry that I finished my food in under five minutes, I keep saying I'll change, but do I? No. I keep saying I’ll start going to the gym ‘next Monday’.",0
"To understand how this model works, consider the following process: then, these sequences are padded to a consistent length to form batches, overall, the pipeline is straightforward to implement using modern deep learning libraries. Designed for modern creators, this tool helps you improve transparency when sharing or reviewing AI-assisted writing, in just a few clicks directly from your browser. In recent years, researchers have increasingly focused on the role of natural language processing in modern software applications, in order to build more transparent and trustworthy AI systems. You can think of the entire model as a sequence of stages: first, the raw text is tokenized and converted into numerical sequences, as a result, developers can integrate the classifier into existing web applications. Careful dataset curation remains essential for achieving reliable outcomes.",1
"Designed for modern creators, this tool helps you quickly evaluate multiple samples of writing without manual inspection, while maintaining an intuitive and user-friendly interface. This project aims to explore the role of natural language processing in modern software applications, which may assist organizations in making informed decisions. The underlying architecture can be extended using transformer-based models.",1
"Tbh, I told myself I’d sleep early but it’s 3am and I’m still awake, I can’t even be mad, this is on me. Lmao, I opened my notes and instantly felt sleepy for no reason, now I’m just staring at the screen like 💀. Not even kidding, my phone was at 5% and of course that’s when everyone decides to call, and I still act surprised every time.",0
"The detection mechanism relies on a simple but effective approach: after feature extraction, a dense layer with a sigmoid activation computes the final probability, which allows the system to deliver predictions with minimal latency. Our AI-powered detector provides a seamless way to analyze written content and determine whether it was generated by a human or an AI model, while maintaining an intuitive and user-friendly interface. From a technical perspective, it is important to understand various strategies for improving classification accuracy on real-world datasets, in order to build more transparent and trustworthy AI systems. Designed for modern creators, this tool helps you enhance your workflow by adding a simple layer of AI-generated content detection, so you can stay confident about the origin of your text.",1
"This project aims to explore the challenges associated with maintaining fairness, privacy, and reliability, in order to build more transparent and trustworthy AI systems. Designed for modern creators, this tool helps you analyze written content and determine whether it was generated by a human or an AI model, while maintaining an intuitive and user-friendly interface.",1
"Idk man, I made maggi and still somehow managed to burn it, it be like that sometimes fr. Idk man, I opened my notes and instantly felt sleepy for no reason, I’m just done at this point. No cap, I was so hungry that I finished my food in under five minutes, and I'm still pretending everything is fine. No cap, the app just crashed the exact second I hit save, I’m just done at this point. Sometimes I open WhatsApp and forget why I opened it.",0
"The primary objective of this system is to demonstrate various strategies for improving classification accuracy on real-world datasets, and this work contributes to the growing body of research on AI safety. The primary objective of this system is to demonstrate the role of natural language processing in modern software applications, thus highlighting the importance of robust evaluation pipelines. This classifier serves as a starting point for exploring responsible AI practices.",1
"At a high level, the system follows this workflow: first, the raw text is tokenized and converted into numerical sequences, this makes the model suitable for real-time applications with moderate resource usage. Built with performance in mind, the platform enables you to improve transparency when sharing or reviewing AI-assisted writing, while maintaining an intuitive and user-friendly interface. In recent years, researchers have increasingly focused on the role of natural language processing in modern software applications, which ultimately benefits both developers and end users. The primary objective of this system is to demonstrate the challenges associated with maintaining fairness, privacy, and reliability, which ultimately benefits both developers and end users.",1
"Bro, not gonna lie, I was so hungry that I finished my food in under five minutes, and somehow this is becoming my daily routine. Real talk, I told myself I’d sleep early but it’s 3am and I’m still awake, and I still act surprised every time. Fr, my laptop sounds like a jet engine every time I open VS Code, I really need to get my life together. Lowkey feeling like I kept saying one last episode and somehow finished the whole season, and I still act surprised every time. I was supposed to drink more water this week, but here we are.",0
"Built with performance in mind, the platform enables you to enhance your workflow by adding a simple layer of AI-generated content detection, making AI more accessible and understandable for everyone. To understand how this model works, consider the following process: finally, the output is interpreted as either AI-generated or human-generated text, as a result, developers can integrate the classifier into existing web applications. Whether you're a student, teacher, or developer, this application lets you enhance your workflow by adding a simple layer of AI-generated content detection, making AI more accessible and understandable for everyone. The detection mechanism relies on a simple but effective approach: first, the raw text is tokenized and converted into numerical sequences, thereby creating a practical tool for educational and experimental purposes.",1
"Bro, not gonna lie, my phone was at 5% and of course that’s when everyone decides to call, I really need to get my life together. Real talk, I told myself I’d sleep early but it’s 3am and I’m still awake, and I still act surprised every time. Listen, I was so hungry that I finished my food in under five minutes, and now I’m just here questioning my decisions. Not even kidding, I opened my notes and instantly felt sleepy for no reason, now I’m just staring at the screen like 💀. I keep saying I’ll start going to the gym ‘next Monday’.",0
"Fr, I was supposed to study but ended up scrolling reels for like two hours, and I still act surprised every time. Bro fr, I joined the online class and the teacher immediately took my name, I keep saying I'll change, but do I? No. Tbh, I was supposed to study but ended up scrolling reels for like two hours, I can’t even be mad, this is on me. I’ll complain about being tired but still stay up late on my phone.",0
"Bruh, I told myself I’d sleep early but it’s 3am and I’m still awake, and I'm still pretending everything is fine. Listen, I made maggi and still somehow managed to burn it, now I’m just staring at the screen like 💀. Tbh, I was so hungry that I finished my food in under five minutes, like why does this always happen to me. No cap, I opened my notes and instantly felt sleepy for no reason, I swear the universe is trolling me. Half my day is just me thinking about what to eat next.",0
"No cap, I was supposed to study but ended up scrolling reels for like two hours, and I'm still pretending everything is fine. Bro fr, I joined the online class and the teacher immediately took my name, it be like that sometimes fr. Listen, I saved the file but now I can’t find where I saved it, and somehow this is becoming my daily routine. I keep saying I’ll start going to the gym ‘next Monday’.",0
"The classification pipeline can be broken down into several steps: then, these sequences are padded to a consistent length to form batches, which allows the system to deliver predictions with minimal latency. This project aims to explore the challenges associated with maintaining fairness, privacy, and reliability, thus highlighting the importance of robust evaluation pipelines. Logging and monitoring are recommended when deploying the system in production.",1
"The classification pipeline can be broken down into several steps: then, these sequences are padded to a consistent length to form batches, which allows the system to deliver predictions with minimal latency. The rapid growth of artificial intelligence has significantly influenced the role of natural language processing in modern software applications, thus highlighting the importance of robust evaluation pipelines. Built with performance in mind, the platform enables you to gain deeper insights into the authenticity of text appearing in your documents or projects, making AI more accessible and understandable for everyone. With this intelligent system, users can effortlessly gain deeper insights into the authenticity of text appearing in your documents or projects, so you can stay confident about the origin of your text. This classifier serves as a starting point for exploring responsible AI practices.",1
"Brooo, my wifi keeps dying whenever I actually decide to be productive, it be like that sometimes fr. Bro fr, my phone was at 5% and of course that’s when everyone decides to call, it be like that sometimes fr.",0
"The primary objective of this system is to demonstrate the role of natural language processing in modern software applications, in order to build more transparent and trustworthy AI systems. At a high level, the system follows this workflow: finally, the output is interpreted as either AI-generated or human-generated text, this makes the model suitable for real-time applications with moderate resource usage. Users are encouraged to provide feedback to continuously improve the tool.",1
"Lmao, I joined the online class and the teacher immediately took my name, I keep saying I'll change, but do I? No. Bro, not gonna lie, I made maggi and still somehow managed to burn it, my life is actually a joke sometimes.",0
"Brooo, I saved the file but now I can’t find where I saved it, I keep saying I'll change, but do I? No. Real talk, the power went out right when the match was getting interesting, and I still act surprised every time. Not even kidding, I was supposed to study but ended up scrolling reels for like two hours, I’m just done at this point.",0
"Real talk, my wifi keeps dying whenever I actually decide to be productive, I keep saying I'll change, but do I? No. Fr, I was supposed to study but ended up scrolling reels for like two hours, I can’t even be mad, this is on me. Honestly, the bus was so crowded I couldn't even move my arm to check my phone, now I’m just staring at the screen like 💀. I was supposed to drink more water this week, but here we are.",0
"Listen, I literally forgot why I walked into the kitchen halfway there, and I still act surprised every time. Bruh, my phone was at 5% and of course that’s when everyone decides to call, my life is actually a joke sometimes.",0
"Bro, not gonna lie, my wifi keeps dying whenever I actually decide to be productive, my life is actually a joke sometimes. Listen, the power went out right when the match was getting interesting, I need a reset button for real. Not even kidding, I opened my notes and instantly felt sleepy for no reason, I keep saying I'll change, but do I? No. Dude, I saved the file but now I can’t find where I saved it, now I’m just staring at the screen like 💀.",0
"Honestly, my phone was at 5% and of course that’s when everyone decides to call, I’m just done at this point. No cap, my wifi keeps dying whenever I actually decide to be productive, and now I’m just here questioning my decisions. Real talk, I saved the file but now I can’t find where I saved it, I swear the universe is trolling me. Real talk, I told myself I’d sleep early but it’s 3am and I’m still awake, I need a reset button for real.",0
"Tbh, I was so hungry that I finished my food in under five minutes, and now I’m just here questioning my decisions. Honestly, I joined the online class and the teacher immediately took my name, I can’t even be mad, this is on me. Bruh, I joined the online class and the teacher immediately took my name, like why does this always happen to me.",0
"Not even kidding, the bus was so crowded I couldn't even move my arm to check my phone, I really need to get my life together. Fr, I made maggi and still somehow managed to burn it, and I'm still pretending everything is fine. Tbh, I was supposed to study but ended up scrolling reels for like two hours, I can’t even be mad, this is on me. Not even kidding, I literally forgot why I walked into the kitchen halfway there, and somehow this is becoming my daily routine. My screen time report is basically judging my whole existence.",0
"Our AI-powered detector provides a seamless way to enhance your workflow by adding a simple layer of AI-generated content detection, making AI more accessible and understandable for everyone. The detection mechanism relies on a simple but effective approach: next, the encoded text is passed through an embedding layer followed by an LSTM network, this makes the model suitable for real-time applications with moderate resource usage. The classification pipeline can be broken down into several steps: then, these sequences are padded to a consistent length to form batches, which allows the system to deliver predictions with minimal latency. Careful dataset curation remains essential for achieving reliable outcomes.",1
"The rapid growth of artificial intelligence has significantly influenced various strategies for improving classification accuracy on real-world datasets, and this work contributes to the growing body of research on AI safety. Built with performance in mind, the platform enables you to analyze written content and determine whether it was generated by a human or an AI model, so you can stay confident about the origin of your text. The underlying architecture can be extended using transformer-based models.",1
"From a technical perspective, it is important to understand how machine learning models can distinguish between human-written and AI-generated content, in order to build more transparent and trustworthy AI systems. The primary objective of this system is to demonstrate the broader implications of deploying automated language models at scale, which ultimately benefits both developers and end users. In recent years, researchers have increasingly focused on various strategies for improving classification accuracy on real-world datasets, and this work contributes to the growing body of research on AI safety.",1
"Bro, not gonna lie, I was so hungry that I finished my food in under five minutes, I’m just done at this point. Bro, not gonna lie, I saved the file but now I can’t find where I saved it, I need a reset button for real. Bro fr, I opened my notes and instantly felt sleepy for no reason, now I’m just staring at the screen like 💀. My screen time report is basically judging my whole existence.",0
"Fr, my wifi keeps dying whenever I actually decide to be productive, it be like that sometimes fr. Tbh, my phone was at 5% and of course that’s when everyone decides to call, and now I’m just here questioning my decisions. Real talk, the app just crashed the exact second I hit save, and honestly I only have myself to blame.",0
"The detection mechanism relies on a simple but effective approach: finally, the output is interpreted as either AI-generated or human-generated text, this makes the model suitable for real-time applications with moderate resource usage. Our AI-powered detector provides a seamless way to gain deeper insights into the authenticity of text appearing in your documents or projects, without needing any prior expertise in machine learning. The primary objective of this system is to demonstrate the broader implications of deploying automated language models at scale, thus highlighting the importance of robust evaluation pipelines. The underlying architecture can be extended using transformer-based models.",1
"Fr, the bus was so crowded I couldn't even move my arm to check my phone, I’m just done at this point. Lmao, the power went out right when the match was getting interesting, I need a reset button for real.",0
"Idk man, the bus was so crowded I couldn't even move my arm to check my phone, and I still act surprised every time. Idk man, I made maggi and still somehow managed to burn it, like why does this always happen to me.",0
"The primary objective of this system is to demonstrate the broader implications of deploying automated language models at scale, in order to build more transparent and trustworthy AI systems. The rapid growth of artificial intelligence has significantly influenced how machine learning models can distinguish between human-written and AI-generated content, and this work contributes to the growing body of research on AI safety. Integration with existing authentication systems can help secure access to the tool.",1
"Whether you're a student, teacher, or developer, this application lets you quickly evaluate multiple samples of writing without manual inspection, while maintaining an intuitive and user-friendly interface. Whether you're a student, teacher, or developer, this application lets you improve transparency when sharing or reviewing AI-assisted writing, so you can stay confident about the origin of your text. You can think of the entire model as a sequence of stages: first, the raw text is tokenized and converted into numerical sequences, overall, the pipeline is straightforward to implement using modern deep learning libraries. From a technical perspective, it is important to understand the broader implications of deploying automated language models at scale, which ultimately benefits both developers and end users.",1
"In recent years, researchers have increasingly focused on the broader implications of deploying automated language models at scale, which ultimately benefits both developers and end users. Designed for modern creators, this tool helps you quickly evaluate multiple samples of writing without manual inspection, so you can stay confident about the origin of your text. Integration with existing authentication systems can help secure access to the tool.",1
"No cap, I was so hungry that I finished my food in under five minutes, I’m just done at this point. Real talk, I joined the online class and the teacher immediately took my name, my life is actually a joke sometimes. Bro, not gonna lie, the app just crashed the exact second I hit save, I swear the universe is trolling me.",0
"Bro fr, I literally forgot why I walked into the kitchen halfway there, and honestly I only have myself to blame. Lowkey feeling like I told myself I’d sleep early but it’s 3am and I’m still awake, I really need to get my life together.",0
"Not even kidding, my wifi keeps dying whenever I actually decide to be productive, my life is actually a joke sometimes. Idk man, I joined the online class and the teacher immediately took my name, I swear the universe is trolling me. Real talk, I made maggi and still somehow managed to burn it, and honestly I only have myself to blame. Lowkey feeling like I opened my notes and instantly felt sleepy for no reason, I need a reset button for real. I’ll complain about being tired but still stay up late on my phone.",0
"Designed for modern creators, this tool helps you analyze written content and determine whether it was generated by a human or an AI model, without needing any prior expertise in machine learning. In recent years, researchers have increasingly focused on various strategies for improving classification accuracy on real-world datasets, thus highlighting the importance of robust evaluation pipelines. This classifier serves as a starting point for exploring responsible AI practices.",1
"Honestly, my laptop sounds like a jet engine every time I open VS Code, I swear the universe is trolling me. Fr, the power went out right when the match was getting interesting, I really need to get my life together. Half my day is just me thinking about what to eat next.",0
"The detection mechanism relies on a simple but effective approach: next, the encoded text is passed through an embedding layer followed by an LSTM network, as a result, developers can integrate the classifier into existing web applications. The rapid growth of artificial intelligence has significantly influenced various strategies for improving classification accuracy on real-world datasets, and this work contributes to the growing body of research on AI safety. The underlying architecture can be extended using transformer-based models.",1
"Tbh, the bus was so crowded I couldn't even move my arm to check my phone, and I'm still pretending everything is fine. Bro, not gonna lie, my wifi keeps dying whenever I actually decide to be productive, and somehow this is becoming my daily routine. Listen, I told myself I’d sleep early but it’s 3am and I’m still awake, now I’m just staring at the screen like 💀.",0
"Tbh, the bus was so crowded I couldn't even move my arm to check my phone, I’m just done at this point. Bro, not gonna lie, I told myself I’d sleep early but it’s 3am and I’m still awake, I swear the universe is trolling me. Listen, my phone was at 5% and of course that’s when everyone decides to call, and somehow this is becoming my daily routine. Bro, not gonna lie, my phone was at 5% and of course that’s when everyone decides to call, I can’t even be mad, this is on me. Sometimes I open WhatsApp and forget why I opened it.",0
"This project aims to explore the broader implications of deploying automated language models at scale, which ultimately benefits both developers and end users. From a technical perspective, it is important to understand the broader implications of deploying automated language models at scale, thus highlighting the importance of robust evaluation pipelines.",1
"The detection mechanism relies on a simple but effective approach: finally, the output is interpreted as either AI-generated or human-generated text, this makes the model suitable for real-time applications with moderate resource usage. The classification pipeline can be broken down into several steps: after feature extraction, a dense layer with a sigmoid activation computes the final probability, overall, the pipeline is straightforward to implement using modern deep learning libraries. From a technical perspective, it is important to understand various strategies for improving classification accuracy on real-world datasets, thus highlighting the importance of robust evaluation pipelines. The underlying architecture can be extended using transformer-based models.",1
"The rapid growth of artificial intelligence has significantly influenced the role of natural language processing in modern software applications, which ultimately benefits both developers and end users. The detection mechanism relies on a simple but effective approach: first, the raw text is tokenized and converted into numerical sequences, which allows the system to deliver predictions with minimal latency. The primary objective of this system is to demonstrate various strategies for improving classification accuracy on real-world datasets, in order to build more transparent and trustworthy AI systems.",1
"Bro fr, I told myself I’d sleep early but it’s 3am and I’m still awake, and I'm still pretending everything is fine. Tbh, I literally forgot why I walked into the kitchen halfway there, and now I’m just here questioning my decisions.",0
"Tbh, I literally forgot why I walked into the kitchen halfway there, and I'm still pretending everything is fine. No cap, the app just crashed the exact second I hit save, I keep saying I'll change, but do I? No. No cap, I saved the file but now I can’t find where I saved it, it be like that sometimes fr. Sometimes I open WhatsApp and forget why I opened it.",0
"Dude, my wifi keeps dying whenever I actually decide to be productive, I can’t even be mad, this is on me. Listen, my wifi keeps dying whenever I actually decide to be productive, like why does this always happen to me. Bruh, I joined the online class and the teacher immediately took my name, and somehow this is becoming my daily routine. Honestly, I told myself I’d sleep early but it’s 3am and I’m still awake, and I'm still pretending everything is fine. Sometimes I open WhatsApp and forget why I opened it.",0
"Whether you're a student, teacher, or developer, this application lets you enhance your workflow by adding a simple layer of AI-generated content detection, without needing any prior expertise in machine learning. Built with performance in mind, the platform enables you to gain deeper insights into the authenticity of text appearing in your documents or projects, making AI more accessible and understandable for everyone. Our AI-powered detector provides a seamless way to enhance your workflow by adding a simple layer of AI-generated content detection, without needing any prior expertise in machine learning.",1
"Our AI-powered detector provides a seamless way to quickly evaluate multiple samples of writing without manual inspection, in just a few clicks directly from your browser. You can think of the entire model as a sequence of stages: first, the raw text is tokenized and converted into numerical sequences, as a result, developers can integrate the classifier into existing web applications. With this intelligent system, users can effortlessly gain deeper insights into the authenticity of text appearing in your documents or projects, while maintaining an intuitive and user-friendly interface. Logging and monitoring are recommended when deploying the system in production.",1
"You can think of the entire model as a sequence of stages: finally, the output is interpreted as either AI-generated or human-generated text, as a result, developers can integrate the classifier into existing web applications. You can think of the entire model as a sequence of stages: next, the encoded text is passed through an embedding layer followed by an LSTM network, overall, the pipeline is straightforward to implement using modern deep learning libraries. Our AI-powered detector provides a seamless way to improve transparency when sharing or reviewing AI-assisted writing, making AI more accessible and understandable for everyone. The classification pipeline can be broken down into several steps: after feature extraction, a dense layer with a sigmoid activation computes the final probability, overall, the pipeline is straightforward to implement using modern deep learning libraries.",1
"At a high level, the system follows this workflow: next, the encoded text is passed through an embedding layer followed by an LSTM network, this makes the model suitable for real-time applications with moderate resource usage. The detection mechanism relies on a simple but effective approach: finally, the output is interpreted as either AI-generated or human-generated text, this makes the model suitable for real-time applications with moderate resource usage. The classification pipeline can be broken down into several steps: after feature extraction, a dense layer with a sigmoid activation computes the final probability, this makes the model suitable for real-time applications with moderate resource usage. In recent years, researchers have increasingly focused on the challenges associated with maintaining fairness, privacy, and reliability, in order to build more transparent and trustworthy AI systems. Hybrid approaches that combine rules and machine learning may further boost performance.",1
"Not even kidding, I was so hungry that I finished my food in under five minutes, I can’t even be mad, this is on me. Fr, I opened my notes and instantly felt sleepy for no reason, and I'm still pretending everything is fine. Idk man, I literally forgot why I walked into the kitchen halfway there, I need a reset button for real.",0
"Dude, my wifi keeps dying whenever I actually decide to be productive, like why does this always happen to me. Bruh, I was so hungry that I finished my food in under five minutes, I need a reset button for real. Lowkey feeling like the app just crashed the exact second I hit save, I really need to get my life together. Honestly, my laptop sounds like a jet engine every time I open VS Code, I really need to get my life together. I’ll complain about being tired but still stay up late on my phone.",0
"Idk man, I literally forgot why I walked into the kitchen halfway there, I need a reset button for real. Dude, the bus was so crowded I couldn't even move my arm to check my phone, it be like that sometimes fr. I’ll complain about being tired but still stay up late on my phone.",0
"The rapid growth of artificial intelligence has significantly influenced the challenges associated with maintaining fairness, privacy, and reliability, thus highlighting the importance of robust evaluation pipelines. You can think of the entire model as a sequence of stages: finally, the output is interpreted as either AI-generated or human-generated text, which allows the system to deliver predictions with minimal latency. Our AI-powered detector provides a seamless way to quickly evaluate multiple samples of writing without manual inspection, so you can stay confident about the origin of your text. This classifier serves as a starting point for exploring responsible AI practices.",1
"Fr, I saved the file but now I can’t find where I saved it, it be like that sometimes fr. Listen, I joined the online class and the teacher immediately took my name, and now I’m just here questioning my decisions.",0
"Fr, I opened my notes and instantly felt sleepy for no reason, and honestly I only have myself to blame. No cap, my laptop sounds like a jet engine every time I open VS Code, and now I’m just here questioning my decisions. Lmao, my wifi keeps dying whenever I actually decide to be productive, I really need to get my life together. Brooo, the bus was so crowded I couldn't even move my arm to check my phone, and somehow this is becoming my daily routine. I was supposed to drink more water this week, but here we are.",0
"Real talk, I told myself I’d sleep early but it’s 3am and I’m still awake, I swear the universe is trolling me. Lowkey feeling like the app just crashed the exact second I hit save, I keep saying I'll change, but do I? No. No cap, my phone was at 5% and of course that’s when everyone decides to call, and I still act surprised every time. Fr, I kept saying one last episode and somehow finished the whole season, I really need to get my life together. My friends keep making plans and cancelling at the last minute.",0
"Lowkey feeling like the power went out right when the match was getting interesting, now I’m just staring at the screen like 💀. Bruh, I was so hungry that I finished my food in under five minutes, it be like that sometimes fr.",0
"Whether you're a student, teacher, or developer, this application lets you gain deeper insights into the authenticity of text appearing in your documents or projects, without needing any prior expertise in machine learning. From a technical perspective, it is important to understand the broader implications of deploying automated language models at scale, in order to build more transparent and trustworthy AI systems. With this intelligent system, users can effortlessly gain deeper insights into the authenticity of text appearing in your documents or projects, in just a few clicks directly from your browser. At a high level, the system follows this workflow: first, the raw text is tokenized and converted into numerical sequences, as a result, developers can integrate the classifier into existing web applications. Future updates may include support for additional languages and domains.",1
"Not even kidding, I opened my notes and instantly felt sleepy for no reason, my life is actually a joke sometimes. Not even kidding, my phone was at 5% and of course that’s when everyone decides to call, I can’t even be mad, this is on me. Bro, not gonna lie, the app just crashed the exact second I hit save, like why does this always happen to me.",0
"The rapid growth of artificial intelligence has significantly influenced the broader implications of deploying automated language models at scale, which may assist organizations in making informed decisions. The classification pipeline can be broken down into several steps: then, these sequences are padded to a consistent length to form batches, this makes the model suitable for real-time applications with moderate resource usage. This project aims to explore the challenges associated with maintaining fairness, privacy, and reliability, and this work contributes to the growing body of research on AI safety. Designed for modern creators, this tool helps you gain deeper insights into the authenticity of text appearing in your documents or projects, so you can stay confident about the origin of your text.",1
"Our AI-powered detector provides a seamless way to enhance your workflow by adding a simple layer of AI-generated content detection, so you can stay confident about the origin of your text. This project aims to explore various strategies for improving classification accuracy on real-world datasets, and this work contributes to the growing body of research on AI safety. Careful dataset curation remains essential for achieving reliable outcomes.",1
"You can think of the entire model as a sequence of stages: first, the raw text is tokenized and converted into numerical sequences, thereby creating a practical tool for educational and experimental purposes. With this intelligent system, users can effortlessly improve transparency when sharing or reviewing AI-assisted writing, making AI more accessible and understandable for everyone. Whether you're a student, teacher, or developer, this application lets you analyze written content and determine whether it was generated by a human or an AI model, while maintaining an intuitive and user-friendly interface. Designed for modern creators, this tool helps you enhance your workflow by adding a simple layer of AI-generated content detection, while maintaining an intuitive and user-friendly interface. This classifier serves as a starting point for exploring responsible AI practices.",1
"Bro, not gonna lie, I made maggi and still somehow managed to burn it, it be like that sometimes fr. Idk man, I opened my notes and instantly felt sleepy for no reason, now I’m just staring at the screen like 💀. Dude, I was so hungry that I finished my food in under five minutes, I’m just done at this point. I’ll complain about being tired but still stay up late on my phone.",0
"Real talk, I was supposed to study but ended up scrolling reels for like two hours, and honestly I only have myself to blame. Dude, I told myself I’d sleep early but it’s 3am and I’m still awake, my life is actually a joke sometimes.",0
"Dude, the app just crashed the exact second I hit save, like why does this always happen to me. Lowkey feeling like the bus was so crowded I couldn't even move my arm to check my phone, and I still act surprised every time. No cap, the app just crashed the exact second I hit save, and I'm still pretending everything is fine. Half my day is just me thinking about what to eat next.",0
"Real talk, I told myself I’d sleep early but it’s 3am and I’m still awake, and now I’m just here questioning my decisions. Bruh, the bus was so crowded I couldn't even move my arm to check my phone, and I still act surprised every time. Every time I say 'from tomorrow', that tomorrow never comes.",0
"Dude, my laptop sounds like a jet engine every time I open VS Code, now I’m just staring at the screen like 💀. Dude, I saved the file but now I can’t find where I saved it, now I’m just staring at the screen like 💀. Tbh, the bus was so crowded I couldn't even move my arm to check my phone, and somehow this is becoming my daily routine. Every time I say 'from tomorrow', that tomorrow never comes.",0
"Designed for modern creators, this tool helps you quickly evaluate multiple samples of writing without manual inspection, making AI more accessible and understandable for everyone. At a high level, the system follows this workflow: first, the raw text is tokenized and converted into numerical sequences, thereby creating a practical tool for educational and experimental purposes. The overall design focuses on balancing accuracy, usability, and efficiency.",1
"Whether you're a student, teacher, or developer, this application lets you enhance your workflow by adding a simple layer of AI-generated content detection, making AI more accessible and understandable for everyone. The rapid growth of artificial intelligence has significantly influenced the broader implications of deploying automated language models at scale, in order to build more transparent and trustworthy AI systems. In recent years, researchers have increasingly focused on the broader implications of deploying automated language models at scale, in order to build more transparent and trustworthy AI systems. The interface can be customized to match different design preferences.",1
"From a technical perspective, it is important to understand various strategies for improving classification accuracy on real-world datasets, which ultimately benefits both developers and end users. To understand how this model works, consider the following process: first, the raw text is tokenized and converted into numerical sequences, overall, the pipeline is straightforward to implement using modern deep learning libraries. The rapid growth of artificial intelligence has significantly influenced the challenges associated with maintaining fairness, privacy, and reliability, which may assist organizations in making informed decisions. Future updates may include support for additional languages and domains.",1
"Not even kidding, I told myself I’d sleep early but it’s 3am and I’m still awake, I’m just done at this point. Idk man, the power went out right when the match was getting interesting, and I'm still pretending everything is fine.",0
"From a technical perspective, it is important to understand the challenges associated with maintaining fairness, privacy, and reliability, in order to build more transparent and trustworthy AI systems. Our AI-powered detector provides a seamless way to enhance your workflow by adding a simple layer of AI-generated content detection, without needing any prior expertise in machine learning. Integration with existing authentication systems can help secure access to the tool.",1
"Built with performance in mind, the platform enables you to analyze written content and determine whether it was generated by a human or an AI model, without needing any prior expertise in machine learning. Built with performance in mind, the platform enables you to improve transparency when sharing or reviewing AI-assisted writing, while maintaining an intuitive and user-friendly interface. To understand how this model works, consider the following process: first, the raw text is tokenized and converted into numerical sequences, this makes the model suitable for real-time applications with moderate resource usage. Built with performance in mind, the platform enables you to quickly evaluate multiple samples of writing without manual inspection, making AI more accessible and understandable for everyone. Careful dataset curation remains essential for achieving reliable outcomes.",1
"Designed for modern creators, this tool helps you analyze written content and determine whether it was generated by a human or an AI model, while maintaining an intuitive and user-friendly interface. This project aims to explore various strategies for improving classification accuracy on real-world datasets, which may assist organizations in making informed decisions. You can think of the entire model as a sequence of stages: then, these sequences are padded to a consistent length to form batches, thereby creating a practical tool for educational and experimental purposes. The overall design focuses on balancing accuracy, usability, and efficiency.",1
"This project aims to explore the broader implications of deploying automated language models at scale, which may assist organizations in making informed decisions. Whether you're a student, teacher, or developer, this application lets you quickly evaluate multiple samples of writing without manual inspection, so you can stay confident about the origin of your text. At a high level, the system follows this workflow: after feature extraction, a dense layer with a sigmoid activation computes the final probability, this makes the model suitable for real-time applications with moderate resource usage. Future updates may include support for additional languages and domains.",1
"Lowkey feeling like I literally forgot why I walked into the kitchen halfway there, I can’t even be mad, this is on me. Lmao, I was supposed to study but ended up scrolling reels for like two hours, now I’m just staring at the screen like 💀. Lmao, the bus was so crowded I couldn't even move my arm to check my phone, now I’m just staring at the screen like 💀.",0
"Bro, not gonna lie, I was so hungry that I finished my food in under five minutes, I swear the universe is trolling me. Brooo, I joined the online class and the teacher immediately took my name, and now I’m just here questioning my decisions. Lmao, I saved the file but now I can’t find where I saved it, and I'm still pretending everything is fine. My screen time report is basically judging my whole existence.",0
"No cap, I joined the online class and the teacher immediately took my name, my life is actually a joke sometimes. Bro, not gonna lie, I saved the file but now I can’t find where I saved it, I really need to get my life together. Brooo, I kept saying one last episode and somehow finished the whole season, and honestly I only have myself to blame. Listen, I made maggi and still somehow managed to burn it, and somehow this is becoming my daily routine.",0
"No cap, I told myself I’d sleep early but it’s 3am and I’m still awake, I really need to get my life together. Dude, my phone was at 5% and of course that’s when everyone decides to call, I’m just done at this point. Bro fr, the power went out right when the match was getting interesting, I need a reset button for real. Sometimes I open WhatsApp and forget why I opened it.",0
"Listen, I opened my notes and instantly felt sleepy for no reason, like why does this always happen to me. Tbh, the power went out right when the match was getting interesting, and I still act surprised every time. I keep saying I’ll start going to the gym ‘next Monday’.",0
"Built with performance in mind, the platform enables you to gain deeper insights into the authenticity of text appearing in your documents or projects, making AI more accessible and understandable for everyone. Designed for modern creators, this tool helps you gain deeper insights into the authenticity of text appearing in your documents or projects, in just a few clicks directly from your browser. Whether you're a student, teacher, or developer, this application lets you analyze written content and determine whether it was generated by a human or an AI model, while maintaining an intuitive and user-friendly interface. Logging and monitoring are recommended when deploying the system in production.",1
"Built with performance in mind, the platform enables you to quickly evaluate multiple samples of writing without manual inspection, making AI more accessible and understandable for everyone. Our AI-powered detector provides a seamless way to quickly evaluate multiple samples of writing without manual inspection, so you can stay confident about the origin of your text. At a high level, the system follows this workflow: finally, the output is interpreted as either AI-generated or human-generated text, which allows the system to deliver predictions with minimal latency.",1
"At a high level, the system follows this workflow: after feature extraction, a dense layer with a sigmoid activation computes the final probability, thereby creating a practical tool for educational and experimental purposes. Our AI-powered detector provides a seamless way to quickly evaluate multiple samples of writing without manual inspection, so you can stay confident about the origin of your text. The rapid growth of artificial intelligence has significantly influenced the broader implications of deploying automated language models at scale, which may assist organizations in making informed decisions. With this intelligent system, users can effortlessly gain deeper insights into the authenticity of text appearing in your documents or projects, making AI more accessible and understandable for everyone. The underlying architecture can be extended using transformer-based models.",1
"Lowkey feeling like the bus was so crowded I couldn't even move my arm to check my phone, and I still act surprised every time. No cap, I told myself I’d sleep early but it’s 3am and I’m still awake, I swear the universe is trolling me. Dude, the power went out right when the match was getting interesting, I swear the universe is trolling me. Dude, I was supposed to study but ended up scrolling reels for like two hours, I swear the universe is trolling me. The only thing consistent about me is my inconsistency.",0
"No cap, I joined the online class and the teacher immediately took my name, now I’m just staring at the screen like 💀. Bro fr, the bus was so crowded I couldn't even move my arm to check my phone, I keep saying I'll change, but do I? No.",0
"Honestly, I kept saying one last episode and somehow finished the whole season, and honestly I only have myself to blame. Bruh, I opened my notes and instantly felt sleepy for no reason, I really need to get my life together. Bruh, I opened my notes and instantly felt sleepy for no reason, I can’t even be mad, this is on me. Every time I say 'from tomorrow', that tomorrow never comes.",0
"Fr, I joined the online class and the teacher immediately took my name, my life is actually a joke sometimes. Tbh, I joined the online class and the teacher immediately took my name, I need a reset button for real. Dude, I saved the file but now I can’t find where I saved it, and honestly I only have myself to blame. Lowkey feeling like I opened my notes and instantly felt sleepy for no reason, and honestly I only have myself to blame.",0
"Real talk, I was supposed to study but ended up scrolling reels for like two hours, my life is actually a joke sometimes. Idk man, I joined the online class and the teacher immediately took my name, now I’m just staring at the screen like 💀.",0
"Built with performance in mind, the platform enables you to enhance your workflow by adding a simple layer of AI-generated content detection, making AI more accessible and understandable for everyone. The detection mechanism relies on a simple but effective approach: next, the encoded text is passed through an embedding layer followed by an LSTM network, thereby creating a practical tool for educational and experimental purposes. Our AI-powered detector provides a seamless way to analyze written content and determine whether it was generated by a human or an AI model, without needing any prior expertise in machine learning. The primary objective of this system is to demonstrate the role of natural language processing in modern software applications, which ultimately benefits both developers and end users. This classifier serves as a starting point for exploring responsible AI practices.",1
"This project aims to explore the challenges associated with maintaining fairness, privacy, and reliability, in order to build more transparent and trustworthy AI systems. With this intelligent system, users can effortlessly improve transparency when sharing or reviewing AI-assisted writing, in just a few clicks directly from your browser. The classification pipeline can be broken down into several steps: finally, the output is interpreted as either AI-generated or human-generated text, as a result, developers can integrate the classifier into existing web applications. The interface can be customized to match different design preferences.",1
"Tbh, I literally forgot why I walked into the kitchen halfway there, and I'm still pretending everything is fine. Lmao, the bus was so crowded I couldn't even move my arm to check my phone, and now I’m just here questioning my decisions. Idk man, my wifi keeps dying whenever I actually decide to be productive, I keep saying I'll change, but do I? No. Lmao, I was so hungry that I finished my food in under five minutes, I swear the universe is trolling me. The only thing consistent about me is my inconsistency.",0
"To understand how this model works, consider the following process: next, the encoded text is passed through an embedding layer followed by an LSTM network, this makes the model suitable for real-time applications with moderate resource usage. At a high level, the system follows this workflow: then, these sequences are padded to a consistent length to form batches, overall, the pipeline is straightforward to implement using modern deep learning libraries. To understand how this model works, consider the following process: then, these sequences are padded to a consistent length to form batches, this makes the model suitable for real-time applications with moderate resource usage. With this intelligent system, users can effortlessly analyze written content and determine whether it was generated by a human or an AI model, making AI more accessible and understandable for everyone. Future updates may include support for additional languages and domains.",1
"The primary objective of this system is to demonstrate how machine learning models can distinguish between human-written and AI-generated content, which may assist organizations in making informed decisions. To understand how this model works, consider the following process: then, these sequences are padded to a consistent length to form batches, thereby creating a practical tool for educational and experimental purposes. Our AI-powered detector provides a seamless way to improve transparency when sharing or reviewing AI-assisted writing, so you can stay confident about the origin of your text. Our AI-powered detector provides a seamless way to quickly evaluate multiple samples of writing without manual inspection, while maintaining an intuitive and user-friendly interface.",1
"Whether you're a student, teacher, or developer, this application lets you enhance your workflow by adding a simple layer of AI-generated content detection, while maintaining an intuitive and user-friendly interface. Designed for modern creators, this tool helps you gain deeper insights into the authenticity of text appearing in your documents or projects, without needing any prior expertise in machine learning. To understand how this model works, consider the following process: next, the encoded text is passed through an embedding layer followed by an LSTM network, thereby creating a practical tool for educational and experimental purposes. To understand how this model works, consider the following process: first, the raw text is tokenized and converted into numerical sequences, as a result, developers can integrate the classifier into existing web applications. The overall design focuses on balancing accuracy, usability, and efficiency.",1
"Lowkey feeling like the app just crashed the exact second I hit save, I really need to get my life together. Bro fr, I told myself I’d sleep early but it’s 3am and I’m still awake, and somehow this is becoming my daily routine. Tbh, the power went out right when the match was getting interesting, my life is actually a joke sometimes. Bro fr, I opened my notes and instantly felt sleepy for no reason, I can’t even be mad, this is on me. My screen time report is basically judging my whole existence.",0
"Lmao, I was supposed to study but ended up scrolling reels for like two hours, and somehow this is becoming my daily routine. Lmao, my phone was at 5% and of course that’s when everyone decides to call, and now I’m just here questioning my decisions. No cap, I saved the file but now I can’t find where I saved it, it be like that sometimes fr. My screen time report is basically judging my whole existence.",0
"Lowkey feeling like my wifi keeps dying whenever I actually decide to be productive, I can’t even be mad, this is on me. Lowkey feeling like the power went out right when the match was getting interesting, my life is actually a joke sometimes. Bro, not gonna lie, the bus was so crowded I couldn't even move my arm to check my phone, I can’t even be mad, this is on me. Fr, the power went out right when the match was getting interesting, I’m just done at this point. Every time I say 'from tomorrow', that tomorrow never comes.",0
"No cap, the app just crashed the exact second I hit save, I swear the universe is trolling me. Lmao, I was supposed to study but ended up scrolling reels for like two hours, now I’m just staring at the screen like 💀. Brooo, the power went out right when the match was getting interesting, I keep saying I'll change, but do I? No. Lowkey feeling like the power went out right when the match was getting interesting, and I still act surprised every time.",0
"Listen, I made maggi and still somehow managed to burn it, I keep saying I'll change, but do I? No. Bro, not gonna lie, I opened my notes and instantly felt sleepy for no reason, and somehow this is becoming my daily routine. Dude, the app just crashed the exact second I hit save, I really need to get my life together. I’ll complain about being tired but still stay up late on my phone.",0
"Idk man, I saved the file but now I can’t find where I saved it, my life is actually a joke sometimes. No cap, I was so hungry that I finished my food in under five minutes, like why does this always happen to me. Brooo, the power went out right when the match was getting interesting, I really need to get my life together. Half my day is just me thinking about what to eat next.",0
"No cap, I kept saying one last episode and somehow finished the whole season, I swear the universe is trolling me. Fr, I joined the online class and the teacher immediately took my name, and I'm still pretending everything is fine. Bro fr, I was so hungry that I finished my food in under five minutes, and I'm still pretending everything is fine. Bro fr, I saved the file but now I can’t find where I saved it, I’m just done at this point. Half my day is just me thinking about what to eat next.",0
"Bro, not gonna lie, I was so hungry that I finished my food in under five minutes, and honestly I only have myself to blame. Dude, I opened my notes and instantly felt sleepy for no reason, I can’t even be mad, this is on me. Lowkey feeling like I told myself I’d sleep early but it’s 3am and I’m still awake, now I’m just staring at the screen like 💀.",0
"You can think of the entire model as a sequence of stages: then, these sequences are padded to a consistent length to form batches, overall, the pipeline is straightforward to implement using modern deep learning libraries. The primary objective of this system is to demonstrate the challenges associated with maintaining fairness, privacy, and reliability, which may assist organizations in making informed decisions. In recent years, researchers have increasingly focused on various strategies for improving classification accuracy on real-world datasets, thus highlighting the importance of robust evaluation pipelines. The classification pipeline can be broken down into several steps: then, these sequences are padded to a consistent length to form batches, this makes the model suitable for real-time applications with moderate resource usage. Careful dataset curation remains essential for achieving reliable outcomes.",1
"Real talk, I kept saying one last episode and somehow finished the whole season, I swear the universe is trolling me. Lowkey feeling like I was so hungry that I finished my food in under five minutes, it be like that sometimes fr.",0
"Bro fr, my laptop sounds like a jet engine every time I open VS Code, now I’m just staring at the screen like 💀. Bro fr, I told myself I’d sleep early but it’s 3am and I’m still awake, now I’m just staring at the screen like 💀. Bruh, my phone was at 5% and of course that’s when everyone decides to call, and now I’m just here questioning my decisions. Every time I say 'from tomorrow', that tomorrow never comes.",0
"Our AI-powered detector provides a seamless way to quickly evaluate multiple samples of writing without manual inspection, while maintaining an intuitive and user-friendly interface. Our AI-powered detector provides a seamless way to analyze written content and determine whether it was generated by a human or an AI model, making AI more accessible and understandable for everyone. Our AI-powered detector provides a seamless way to quickly evaluate multiple samples of writing without manual inspection, so you can stay confident about the origin of your text. Built with performance in mind, the platform enables you to analyze written content and determine whether it was generated by a human or an AI model, making AI more accessible and understandable for everyone.",1
"In recent years, researchers have increasingly focused on the role of natural language processing in modern software applications, in order to build more transparent and trustworthy AI systems. At a high level, the system follows this workflow: then, these sequences are padded to a consistent length to form batches, thereby creating a practical tool for educational and experimental purposes. The underlying architecture can be extended using transformer-based models.",1
"Bro, not gonna lie, I made maggi and still somehow managed to burn it, and I'm still pretending everything is fine. Idk man, I joined the online class and the teacher immediately took my name, like why does this always happen to me. No cap, I made maggi and still somehow managed to burn it, now I’m just staring at the screen like 💀. My screen time report is basically judging my whole existence.",0
"Idk man, I was supposed to study but ended up scrolling reels for like two hours, I need a reset button for real. Idk man, I made maggi and still somehow managed to burn it, and I'm still pretending everything is fine.",0
"No cap, the power went out right when the match was getting interesting, and now I’m just here questioning my decisions. No cap, I kept saying one last episode and somehow finished the whole season, now I’m just staring at the screen like 💀. Real talk, I told myself I’d sleep early but it’s 3am and I’m still awake, I really need to get my life together. Sometimes I open WhatsApp and forget why I opened it.",0
"Dude, my laptop sounds like a jet engine every time I open VS Code, I really need to get my life together. Lowkey feeling like I kept saying one last episode and somehow finished the whole season, I’m just done at this point. Fr, the power went out right when the match was getting interesting, I keep saying I'll change, but do I? No. My friends keep making plans and cancelling at the last minute.",0
"From a technical perspective, it is important to understand various strategies for improving classification accuracy on real-world datasets, and this work contributes to the growing body of research on AI safety. The primary objective of this system is to demonstrate the role of natural language processing in modern software applications, and this work contributes to the growing body of research on AI safety. The classification pipeline can be broken down into several steps: after feature extraction, a dense layer with a sigmoid activation computes the final probability, thereby creating a practical tool for educational and experimental purposes. This project aims to explore the broader implications of deploying automated language models at scale, and this work contributes to the growing body of research on AI safety. This classifier serves as a starting point for exploring responsible AI practices.",1
"Not even kidding, the app just crashed the exact second I hit save, like why does this always happen to me. Real talk, my laptop sounds like a jet engine every time I open VS Code, and I still act surprised every time. Not even kidding, I made maggi and still somehow managed to burn it, my life is actually a joke sometimes. Listen, my phone was at 5% and of course that’s when everyone decides to call, I need a reset button for real. I keep saying I’ll start going to the gym ‘next Monday’.",0
"Our AI-powered detector provides a seamless way to quickly evaluate multiple samples of writing without manual inspection, without needing any prior expertise in machine learning. The classification pipeline can be broken down into several steps: then, these sequences are padded to a consistent length to form batches, thereby creating a practical tool for educational and experimental purposes. The underlying architecture can be extended using transformer-based models.",1
"Bro fr, I saved the file but now I can’t find where I saved it, I can’t even be mad, this is on me. Idk man, the app just crashed the exact second I hit save, I keep saying I'll change, but do I? No. Brooo, the bus was so crowded I couldn't even move my arm to check my phone, I’m just done at this point. Bruh, I literally forgot why I walked into the kitchen halfway there, I really need to get my life together. Half my day is just me thinking about what to eat next.",0
"Dude, I was supposed to study but ended up scrolling reels for like two hours, I swear the universe is trolling me. Brooo, I literally forgot why I walked into the kitchen halfway there, and I still act surprised every time. Lowkey feeling like I was so hungry that I finished my food in under five minutes, I keep saying I'll change, but do I? No.",0
"At a high level, the system follows this workflow: next, the encoded text is passed through an embedding layer followed by an LSTM network, thereby creating a practical tool for educational and experimental purposes. At a high level, the system follows this workflow: then, these sequences are padded to a consistent length to form batches, thereby creating a practical tool for educational and experimental purposes. Our AI-powered detector provides a seamless way to quickly evaluate multiple samples of writing without manual inspection, in just a few clicks directly from your browser. At a high level, the system follows this workflow: first, the raw text is tokenized and converted into numerical sequences, thereby creating a practical tool for educational and experimental purposes. Hybrid approaches that combine rules and machine learning may further boost performance.",1
"From a technical perspective, it is important to understand the broader implications of deploying automated language models at scale, and this work contributes to the growing body of research on AI safety. The classification pipeline can be broken down into several steps: finally, the output is interpreted as either AI-generated or human-generated text, thereby creating a practical tool for educational and experimental purposes. Our AI-powered detector provides a seamless way to enhance your workflow by adding a simple layer of AI-generated content detection, without needing any prior expertise in machine learning.",1
"You can think of the entire model as a sequence of stages: next, the encoded text is passed through an embedding layer followed by an LSTM network, which allows the system to deliver predictions with minimal latency. At a high level, the system follows this workflow: then, these sequences are padded to a consistent length to form batches, overall, the pipeline is straightforward to implement using modern deep learning libraries. You can think of the entire model as a sequence of stages: next, the encoded text is passed through an embedding layer followed by an LSTM network, this makes the model suitable for real-time applications with moderate resource usage. The overall design focuses on balancing accuracy, usability, and efficiency.",1
"Our AI-powered detector provides a seamless way to quickly evaluate multiple samples of writing without manual inspection, in just a few clicks directly from your browser. Designed for modern creators, this tool helps you improve transparency when sharing or reviewing AI-assisted writing, so you can stay confident about the origin of your text. Built with performance in mind, the platform enables you to gain deeper insights into the authenticity of text appearing in your documents or projects, without needing any prior expertise in machine learning. The primary objective of this system is to demonstrate how machine learning models can distinguish between human-written and AI-generated content, which ultimately benefits both developers and end users.",1
"To understand how this model works, consider the following process: after feature extraction, a dense layer with a sigmoid activation computes the final probability, overall, the pipeline is straightforward to implement using modern deep learning libraries. Designed for modern creators, this tool helps you gain deeper insights into the authenticity of text appearing in your documents or projects, so you can stay confident about the origin of your text. This classifier serves as a starting point for exploring responsible AI practices.",1
"Whether you're a student, teacher, or developer, this application lets you gain deeper insights into the authenticity of text appearing in your documents or projects, in just a few clicks directly from your browser. The rapid growth of artificial intelligence has significantly influenced the role of natural language processing in modern software applications, and this work contributes to the growing body of research on AI safety. In recent years, researchers have increasingly focused on how machine learning models can distinguish between human-written and AI-generated content, which may assist organizations in making informed decisions. The interface can be customized to match different design preferences.",1
"Listen, the bus was so crowded I couldn't even move my arm to check my phone, and somehow this is becoming my daily routine. Honestly, I kept saying one last episode and somehow finished the whole season, I keep saying I'll change, but do I? No. Lowkey feeling like I made maggi and still somehow managed to burn it, I swear the universe is trolling me. I keep setting alarms and then snoozing all of them.",0
"Brooo, I made maggi and still somehow managed to burn it, and honestly I only have myself to blame. Honestly, I saved the file but now I can’t find where I saved it, I keep saying I'll change, but do I? No. The only thing consistent about me is my inconsistency.",0
"In recent years, researchers have increasingly focused on the challenges associated with maintaining fairness, privacy, and reliability, which may assist organizations in making informed decisions. You can think of the entire model as a sequence of stages: after feature extraction, a dense layer with a sigmoid activation computes the final probability, as a result, developers can integrate the classifier into existing web applications. Users are encouraged to provide feedback to continuously improve the tool.",1
"Honestly, I was supposed to study but ended up scrolling reels for like two hours, and now I’m just here questioning my decisions. Listen, I was so hungry that I finished my food in under five minutes, and I'm still pretending everything is fine. Not even kidding, the app just crashed the exact second I hit save, it be like that sometimes fr. Lmao, my laptop sounds like a jet engine every time I open VS Code, it be like that sometimes fr. Sometimes I open WhatsApp and forget why I opened it.",0
"To understand how this model works, consider the following process: next, the encoded text is passed through an embedding layer followed by an LSTM network, as a result, developers can integrate the classifier into existing web applications. The primary objective of this system is to demonstrate the challenges associated with maintaining fairness, privacy, and reliability, which may assist organizations in making informed decisions. The rapid growth of artificial intelligence has significantly influenced how machine learning models can distinguish between human-written and AI-generated content, which ultimately benefits both developers and end users. Future updates may include support for additional languages and domains.",1
"Real talk, the bus was so crowded I couldn't even move my arm to check my phone, I really need to get my life together. Idk man, the power went out right when the match was getting interesting, and somehow this is becoming my daily routine. Honestly, my laptop sounds like a jet engine every time I open VS Code, I swear the universe is trolling me. Lmao, I was so hungry that I finished my food in under five minutes, and I'm still pretending everything is fine.",0
"Whether you're a student, teacher, or developer, this application lets you enhance your workflow by adding a simple layer of AI-generated content detection, making AI more accessible and understandable for everyone. You can think of the entire model as a sequence of stages: first, the raw text is tokenized and converted into numerical sequences, this makes the model suitable for real-time applications with moderate resource usage. Hybrid approaches that combine rules and machine learning may further boost performance.",1
"Bro fr, my phone was at 5% and of course that’s when everyone decides to call, I really need to get my life together. Tbh, the app just crashed the exact second I hit save, I keep saying I'll change, but do I? No. Lmao, my wifi keeps dying whenever I actually decide to be productive, I need a reset button for real. I was supposed to drink more water this week, but here we are.",0
"Built with performance in mind, the platform enables you to analyze written content and determine whether it was generated by a human or an AI model, making AI more accessible and understandable for everyone. Our AI-powered detector provides a seamless way to analyze written content and determine whether it was generated by a human or an AI model, making AI more accessible and understandable for everyone. Our AI-powered detector provides a seamless way to improve transparency when sharing or reviewing AI-assisted writing, so you can stay confident about the origin of your text. You can think of the entire model as a sequence of stages: first, the raw text is tokenized and converted into numerical sequences, thereby creating a practical tool for educational and experimental purposes.",1
"Bruh, I was supposed to study but ended up scrolling reels for like two hours, and I still act surprised every time. Brooo, my laptop sounds like a jet engine every time I open VS Code, I keep saying I'll change, but do I? No. Dude, my wifi keeps dying whenever I actually decide to be productive, like why does this always happen to me. Honestly, the app just crashed the exact second I hit save, my life is actually a joke sometimes. Every time I say 'from tomorrow', that tomorrow never comes.",0
"In recent years, researchers have increasingly focused on the challenges associated with maintaining fairness, privacy, and reliability, which ultimately benefits both developers and end users. Built with performance in mind, the platform enables you to improve transparency when sharing or reviewing AI-assisted writing, without needing any prior expertise in machine learning. The underlying architecture can be extended using transformer-based models.",1
"Dude, the bus was so crowded I couldn't even move my arm to check my phone, now I’m just staring at the screen like 💀. Honestly, I told myself I’d sleep early but it’s 3am and I’m still awake, it be like that sometimes fr. Bro fr, I made maggi and still somehow managed to burn it, it be like that sometimes fr. Tbh, I made maggi and still somehow managed to burn it, my life is actually a joke sometimes. The only thing consistent about me is my inconsistency.",0
"Tbh, my laptop sounds like a jet engine every time I open VS Code, I’m just done at this point. Idk man, I kept saying one last episode and somehow finished the whole season, like why does this always happen to me. My screen time report is basically judging my whole existence.",0
"Bruh, I kept saying one last episode and somehow finished the whole season, like why does this always happen to me. Not even kidding, I made maggi and still somehow managed to burn it, like why does this always happen to me.",0
"With this intelligent system, users can effortlessly improve transparency when sharing or reviewing AI-assisted writing, making AI more accessible and understandable for everyone. The classification pipeline can be broken down into several steps: then, these sequences are padded to a consistent length to form batches, which allows the system to deliver predictions with minimal latency. To understand how this model works, consider the following process: next, the encoded text is passed through an embedding layer followed by an LSTM network, thereby creating a practical tool for educational and experimental purposes. The rapid growth of artificial intelligence has significantly influenced the broader implications of deploying automated language models at scale, thus highlighting the importance of robust evaluation pipelines. Careful dataset curation remains essential for achieving reliable outcomes.",1
"Bro, not gonna lie, the power went out right when the match was getting interesting, I’m just done at this point. Dude, my phone was at 5% and of course that’s when everyone decides to call, and honestly I only have myself to blame. Real talk, I joined the online class and the teacher immediately took my name, I can’t even be mad, this is on me. My screen time report is basically judging my whole existence.",0
"Built with performance in mind, the platform enables you to enhance your workflow by adding a simple layer of AI-generated content detection, without needing any prior expertise in machine learning. You can think of the entire model as a sequence of stages: after feature extraction, a dense layer with a sigmoid activation computes the final probability, which allows the system to deliver predictions with minimal latency. From a technical perspective, it is important to understand how machine learning models can distinguish between human-written and AI-generated content, thus highlighting the importance of robust evaluation pipelines. Built with performance in mind, the platform enables you to analyze written content and determine whether it was generated by a human or an AI model, without needing any prior expertise in machine learning.",1
"From a technical perspective, it is important to understand the challenges associated with maintaining fairness, privacy, and reliability, thus highlighting the importance of robust evaluation pipelines. Designed for modern creators, this tool helps you analyze written content and determine whether it was generated by a human or an AI model, so you can stay confident about the origin of your text. Whether you're a student, teacher, or developer, this application lets you gain deeper insights into the authenticity of text appearing in your documents or projects, in just a few clicks directly from your browser. The interface can be customized to match different design preferences.",1
"Our AI-powered detector provides a seamless way to analyze written content and determine whether it was generated by a human or an AI model, while maintaining an intuitive and user-friendly interface. Built with performance in mind, the platform enables you to improve transparency when sharing or reviewing AI-assisted writing, making AI more accessible and understandable for everyone. The rapid growth of artificial intelligence has significantly influenced the challenges associated with maintaining fairness, privacy, and reliability, and this work contributes to the growing body of research on AI safety. Logging and monitoring are recommended when deploying the system in production.",1
"This project aims to explore the challenges associated with maintaining fairness, privacy, and reliability, thus highlighting the importance of robust evaluation pipelines. The primary objective of this system is to demonstrate how machine learning models can distinguish between human-written and AI-generated content, in order to build more transparent and trustworthy AI systems. At a high level, the system follows this workflow: next, the encoded text is passed through an embedding layer followed by an LSTM network, which allows the system to deliver predictions with minimal latency. Future updates may include support for additional languages and domains.",1
"Our AI-powered detector provides a seamless way to analyze written content and determine whether it was generated by a human or an AI model, making AI more accessible and understandable for everyone. The primary objective of this system is to demonstrate the role of natural language processing in modern software applications, which ultimately benefits both developers and end users. Built with performance in mind, the platform enables you to improve transparency when sharing or reviewing AI-assisted writing, making AI more accessible and understandable for everyone. Whether you're a student, teacher, or developer, this application lets you gain deeper insights into the authenticity of text appearing in your documents or projects, so you can stay confident about the origin of your text. The overall design focuses on balancing accuracy, usability, and efficiency.",1
"Bro, not gonna lie, my laptop sounds like a jet engine every time I open VS Code, I’m just done at this point. Dude, I literally forgot why I walked into the kitchen halfway there, and I still act surprised every time. I’ll complain about being tired but still stay up late on my phone.",0
"Listen, my wifi keeps dying whenever I actually decide to be productive, and I'm still pretending everything is fine. Tbh, I told myself I’d sleep early but it’s 3am and I’m still awake, it be like that sometimes fr. Honestly, I told myself I’d sleep early but it’s 3am and I’m still awake, and honestly I only have myself to blame.",0
"Fr, the app just crashed the exact second I hit save, and somehow this is becoming my daily routine. Lmao, I was so hungry that I finished my food in under five minutes, I can’t even be mad, this is on me. Bruh, I told myself I’d sleep early but it’s 3am and I’m still awake, it be like that sometimes fr. I keep saying I’ll start going to the gym ‘next Monday’.",0
"Built with performance in mind, the platform enables you to enhance your workflow by adding a simple layer of AI-generated content detection, in just a few clicks directly from your browser. At a high level, the system follows this workflow: finally, the output is interpreted as either AI-generated or human-generated text, overall, the pipeline is straightforward to implement using modern deep learning libraries. The interface can be customized to match different design preferences.",1
"The rapid growth of artificial intelligence has significantly influenced how machine learning models can distinguish between human-written and AI-generated content, which may assist organizations in making informed decisions. With this intelligent system, users can effortlessly analyze written content and determine whether it was generated by a human or an AI model, without needing any prior expertise in machine learning. The detection mechanism relies on a simple but effective approach: first, the raw text is tokenized and converted into numerical sequences, overall, the pipeline is straightforward to implement using modern deep learning libraries. From a technical perspective, it is important to understand the challenges associated with maintaining fairness, privacy, and reliability, which may assist organizations in making informed decisions. Hybrid approaches that combine rules and machine learning may further boost performance.",1
"The classification pipeline can be broken down into several steps: after feature extraction, a dense layer with a sigmoid activation computes the final probability, which allows the system to deliver predictions with minimal latency. The classification pipeline can be broken down into several steps: first, the raw text is tokenized and converted into numerical sequences, thereby creating a practical tool for educational and experimental purposes. Logging and monitoring are recommended when deploying the system in production.",1
"Designed for modern creators, this tool helps you analyze written content and determine whether it was generated by a human or an AI model, making AI more accessible and understandable for everyone. At a high level, the system follows this workflow: after feature extraction, a dense layer with a sigmoid activation computes the final probability, thereby creating a practical tool for educational and experimental purposes. The underlying architecture can be extended using transformer-based models.",1
"From a technical perspective, it is important to understand the broader implications of deploying automated language models at scale, which ultimately benefits both developers and end users. To understand how this model works, consider the following process: finally, the output is interpreted as either AI-generated or human-generated text, this makes the model suitable for real-time applications with moderate resource usage. The detection mechanism relies on a simple but effective approach: then, these sequences are padded to a consistent length to form batches, as a result, developers can integrate the classifier into existing web applications. In recent years, researchers have increasingly focused on various strategies for improving classification accuracy on real-world datasets, thus highlighting the importance of robust evaluation pipelines. Logging and monitoring are recommended when deploying the system in production.",1
"Fr, the power went out right when the match was getting interesting, I swear the universe is trolling me. Lowkey feeling like I literally forgot why I walked into the kitchen halfway there, I can’t even be mad, this is on me.",0
"To understand how this model works, consider the following process: then, these sequences are padded to a consistent length to form batches, overall, the pipeline is straightforward to implement using modern deep learning libraries. Whether you're a student, teacher, or developer, this application lets you quickly evaluate multiple samples of writing without manual inspection, making AI more accessible and understandable for everyone. To understand how this model works, consider the following process: after feature extraction, a dense layer with a sigmoid activation computes the final probability, which allows the system to deliver predictions with minimal latency. With this intelligent system, users can effortlessly enhance your workflow by adding a simple layer of AI-generated content detection, so you can stay confident about the origin of your text. Integration with existing authentication systems can help secure access to the tool.",1
"Lowkey feeling like I was so hungry that I finished my food in under five minutes, I’m just done at this point. Honestly, the bus was so crowded I couldn't even move my arm to check my phone, my life is actually a joke sometimes. Listen, I kept saying one last episode and somehow finished the whole season, now I’m just staring at the screen like 💀. Honestly, I saved the file but now I can’t find where I saved it, it be like that sometimes fr.",0
"Whether you're a student, teacher, or developer, this application lets you quickly evaluate multiple samples of writing without manual inspection, so you can stay confident about the origin of your text. To understand how this model works, consider the following process: next, the encoded text is passed through an embedding layer followed by an LSTM network, which allows the system to deliver predictions with minimal latency. The interface can be customized to match different design preferences.",1
"Idk man, the app just crashed the exact second I hit save, it be like that sometimes fr. Bro fr, the power went out right when the match was getting interesting, I’m just done at this point. I was supposed to drink more water this week, but here we are.",0
"Brooo, I saved the file but now I can’t find where I saved it, I keep saying I'll change, but do I? No. Bruh, the app just crashed the exact second I hit save, and I'm still pretending everything is fine. Dude, I literally forgot why I walked into the kitchen halfway there, I can’t even be mad, this is on me. I keep setting alarms and then snoozing all of them.",0
"Listen, the bus was so crowded I couldn't even move my arm to check my phone, I keep saying I'll change, but do I? No. Listen, I kept saying one last episode and somehow finished the whole season, and honestly I only have myself to blame. Dude, the app just crashed the exact second I hit save, and I still act surprised every time. Half my day is just me thinking about what to eat next.",0
"Not even kidding, I saved the file but now I can’t find where I saved it, and I still act surprised every time. Listen, my wifi keeps dying whenever I actually decide to be productive, my life is actually a joke sometimes. My screen time report is basically judging my whole existence.",0
"Not even kidding, I literally forgot why I walked into the kitchen halfway there, and somehow this is becoming my daily routine. Tbh, the app just crashed the exact second I hit save, my life is actually a joke sometimes. Real talk, I joined the online class and the teacher immediately took my name, I’m just done at this point. Real talk, the app just crashed the exact second I hit save, I’m just done at this point. My screen time report is basically judging my whole existence.",0
"The detection mechanism relies on a simple but effective approach: first, the raw text is tokenized and converted into numerical sequences, as a result, developers can integrate the classifier into existing web applications. Built with performance in mind, the platform enables you to gain deeper insights into the authenticity of text appearing in your documents or projects, so you can stay confident about the origin of your text. Whether you're a student, teacher, or developer, this application lets you quickly evaluate multiple samples of writing without manual inspection, without needing any prior expertise in machine learning. The rapid growth of artificial intelligence has significantly influenced the challenges associated with maintaining fairness, privacy, and reliability, and this work contributes to the growing body of research on AI safety.",1
"Built with performance in mind, the platform enables you to gain deeper insights into the authenticity of text appearing in your documents or projects, while maintaining an intuitive and user-friendly interface. To understand how this model works, consider the following process: first, the raw text is tokenized and converted into numerical sequences, overall, the pipeline is straightforward to implement using modern deep learning libraries. This project aims to explore the challenges associated with maintaining fairness, privacy, and reliability, which ultimately benefits both developers and end users.",1
"Listen, I literally forgot why I walked into the kitchen halfway there, it be like that sometimes fr. No cap, my wifi keeps dying whenever I actually decide to be productive, my life is actually a joke sometimes.",0
"You can think of the entire model as a sequence of stages: finally, the output is interpreted as either AI-generated or human-generated text, overall, the pipeline is straightforward to implement using modern deep learning libraries. Our AI-powered detector provides a seamless way to gain deeper insights into the authenticity of text appearing in your documents or projects, while maintaining an intuitive and user-friendly interface. Logging and monitoring are recommended when deploying the system in production.",1
"No cap, I opened my notes and instantly felt sleepy for no reason, I really need to get my life together. Listen, I opened my notes and instantly felt sleepy for no reason, my life is actually a joke sometimes. Bruh, my laptop sounds like a jet engine every time I open VS Code, and I still act surprised every time.",0
"In recent years, researchers have increasingly focused on how machine learning models can distinguish between human-written and AI-generated content, which may assist organizations in making informed decisions. With this intelligent system, users can effortlessly enhance your workflow by adding a simple layer of AI-generated content detection, so you can stay confident about the origin of your text. This project aims to explore various strategies for improving classification accuracy on real-world datasets, thus highlighting the importance of robust evaluation pipelines. The classification pipeline can be broken down into several steps: then, these sequences are padded to a consistent length to form batches, overall, the pipeline is straightforward to implement using modern deep learning libraries. Careful dataset curation remains essential for achieving reliable outcomes.",1
"Built with performance in mind, the platform enables you to improve transparency when sharing or reviewing AI-assisted writing, making AI more accessible and understandable for everyone. From a technical perspective, it is important to understand the broader implications of deploying automated language models at scale, in order to build more transparent and trustworthy AI systems. With this intelligent system, users can effortlessly quickly evaluate multiple samples of writing without manual inspection, making AI more accessible and understandable for everyone. The detection mechanism relies on a simple but effective approach: finally, the output is interpreted as either AI-generated or human-generated text, overall, the pipeline is straightforward to implement using modern deep learning libraries. Hybrid approaches that combine rules and machine learning may further boost performance.",1
"In recent years, researchers have increasingly focused on the role of natural language processing in modern software applications, which ultimately benefits both developers and end users. Designed for modern creators, this tool helps you gain deeper insights into the authenticity of text appearing in your documents or projects, while maintaining an intuitive and user-friendly interface. This project aims to explore the broader implications of deploying automated language models at scale, thus highlighting the importance of robust evaluation pipelines.",1
"No cap, the bus was so crowded I couldn't even move my arm to check my phone, and honestly I only have myself to blame. Tbh, the power went out right when the match was getting interesting, I really need to get my life together. Every time I say 'from tomorrow', that tomorrow never comes.",0
"Honestly, my laptop sounds like a jet engine every time I open VS Code, now I’m just staring at the screen like 💀. Brooo, I saved the file but now I can’t find where I saved it, and I'm still pretending everything is fine.",0
"Brooo, I told myself I’d sleep early but it’s 3am and I’m still awake, and I'm still pretending everything is fine. Brooo, I told myself I’d sleep early but it’s 3am and I’m still awake, I swear the universe is trolling me. Dude, the bus was so crowded I couldn't even move my arm to check my phone, I keep saying I'll change, but do I? No. My friends keep making plans and cancelling at the last minute.",0
"Our AI-powered detector provides a seamless way to gain deeper insights into the authenticity of text appearing in your documents or projects, in just a few clicks directly from your browser. At a high level, the system follows this workflow: after feature extraction, a dense layer with a sigmoid activation computes the final probability, thereby creating a practical tool for educational and experimental purposes. The interface can be customized to match different design preferences.",1
"Fr, I was so hungry that I finished my food in under five minutes, I swear the universe is trolling me. Lowkey feeling like I opened my notes and instantly felt sleepy for no reason, and honestly I only have myself to blame. Honestly, I opened my notes and instantly felt sleepy for no reason, I really need to get my life together. Not even kidding, my phone was at 5% and of course that’s when everyone decides to call, I’m just done at this point. I keep setting alarms and then snoozing all of them.",0
"Designed for modern creators, this tool helps you enhance your workflow by adding a simple layer of AI-generated content detection, while maintaining an intuitive and user-friendly interface. You can think of the entire model as a sequence of stages: then, these sequences are padded to a consistent length to form batches, thereby creating a practical tool for educational and experimental purposes. With this intelligent system, users can effortlessly enhance your workflow by adding a simple layer of AI-generated content detection, while maintaining an intuitive and user-friendly interface. At a high level, the system follows this workflow: then, these sequences are padded to a consistent length to form batches, as a result, developers can integrate the classifier into existing web applications. Careful dataset curation remains essential for achieving reliable outcomes.",1
"Bruh, I saved the file but now I can’t find where I saved it, I’m just done at this point. No cap, I joined the online class and the teacher immediately took my name, and I still act surprised every time. Tbh, my laptop sounds like a jet engine every time I open VS Code, I swear the universe is trolling me.",0
"This project aims to explore the broader implications of deploying automated language models at scale, thus highlighting the importance of robust evaluation pipelines. To understand how this model works, consider the following process: next, the encoded text is passed through an embedding layer followed by an LSTM network, thereby creating a practical tool for educational and experimental purposes.",1
"Honestly, I opened my notes and instantly felt sleepy for no reason, now I’m just staring at the screen like 💀. No cap, I literally forgot why I walked into the kitchen halfway there, I can’t even be mad, this is on me. No cap, I opened my notes and instantly felt sleepy for no reason, it be like that sometimes fr. No cap, I saved the file but now I can’t find where I saved it, I swear the universe is trolling me. Half my day is just me thinking about what to eat next.",0
"This project aims to explore the challenges associated with maintaining fairness, privacy, and reliability, in order to build more transparent and trustworthy AI systems. At a high level, the system follows this workflow: next, the encoded text is passed through an embedding layer followed by an LSTM network, which allows the system to deliver predictions with minimal latency. The classification pipeline can be broken down into several steps: first, the raw text is tokenized and converted into numerical sequences, as a result, developers can integrate the classifier into existing web applications. Users are encouraged to provide feedback to continuously improve the tool.",1
"To understand how this model works, consider the following process: after feature extraction, a dense layer with a sigmoid activation computes the final probability, thereby creating a practical tool for educational and experimental purposes. At a high level, the system follows this workflow: first, the raw text is tokenized and converted into numerical sequences, thereby creating a practical tool for educational and experimental purposes. The primary objective of this system is to demonstrate the broader implications of deploying automated language models at scale, which ultimately benefits both developers and end users. At a high level, the system follows this workflow: first, the raw text is tokenized and converted into numerical sequences, overall, the pipeline is straightforward to implement using modern deep learning libraries.",1
"Brooo, I literally forgot why I walked into the kitchen halfway there, and I'm still pretending everything is fine. Bro fr, I was supposed to study but ended up scrolling reels for like two hours, now I’m just staring at the screen like 💀. Real talk, my laptop sounds like a jet engine every time I open VS Code, I can’t even be mad, this is on me. The only thing consistent about me is my inconsistency.",0
"In recent years, researchers have increasingly focused on how machine learning models can distinguish between human-written and AI-generated content, and this work contributes to the growing body of research on AI safety. Designed for modern creators, this tool helps you analyze written content and determine whether it was generated by a human or an AI model, while maintaining an intuitive and user-friendly interface.",1
"You can think of the entire model as a sequence of stages: next, the encoded text is passed through an embedding layer followed by an LSTM network, as a result, developers can integrate the classifier into existing web applications. With this intelligent system, users can effortlessly enhance your workflow by adding a simple layer of AI-generated content detection, in just a few clicks directly from your browser. From a technical perspective, it is important to understand various strategies for improving classification accuracy on real-world datasets, which may assist organizations in making informed decisions. You can think of the entire model as a sequence of stages: then, these sequences are padded to a consistent length to form batches, thereby creating a practical tool for educational and experimental purposes. Future updates may include support for additional languages and domains.",1
"No cap, I joined the online class and the teacher immediately took my name, and I'm still pretending everything is fine. Brooo, I opened my notes and instantly felt sleepy for no reason, it be like that sometimes fr. Brooo, I joined the online class and the teacher immediately took my name, like why does this always happen to me. Sometimes I open WhatsApp and forget why I opened it.",0
"To understand how this model works, consider the following process: after feature extraction, a dense layer with a sigmoid activation computes the final probability, thereby creating a practical tool for educational and experimental purposes. To understand how this model works, consider the following process: next, the encoded text is passed through an embedding layer followed by an LSTM network, as a result, developers can integrate the classifier into existing web applications. Our AI-powered detector provides a seamless way to enhance your workflow by adding a simple layer of AI-generated content detection, without needing any prior expertise in machine learning. The rapid growth of artificial intelligence has significantly influenced the role of natural language processing in modern software applications, which may assist organizations in making informed decisions. This classifier serves as a starting point for exploring responsible AI practices.",1
"Lmao, I told myself I’d sleep early but it’s 3am and I’m still awake, and somehow this is becoming my daily routine. Not even kidding, I kept saying one last episode and somehow finished the whole season, I’m just done at this point. I’ll complain about being tired but still stay up late on my phone.",0
"Tbh, my phone was at 5% and of course that’s when everyone decides to call, my life is actually a joke sometimes. Honestly, my laptop sounds like a jet engine every time I open VS Code, and honestly I only have myself to blame. I’ll complain about being tired but still stay up late on my phone.",0
"Idk man, I joined the online class and the teacher immediately took my name, and I still act surprised every time. Brooo, I opened my notes and instantly felt sleepy for no reason, I really need to get my life together. Dude, my laptop sounds like a jet engine every time I open VS Code, and somehow this is becoming my daily routine. Bro fr, my phone was at 5% and of course that’s when everyone decides to call, I can’t even be mad, this is on me.",0
"Honestly, I saved the file but now I can’t find where I saved it, and I'm still pretending everything is fine. Bro, not gonna lie, I opened my notes and instantly felt sleepy for no reason, I keep saying I'll change, but do I? No. Idk man, I told myself I’d sleep early but it’s 3am and I’m still awake, and I'm still pretending everything is fine. My screen time report is basically judging my whole existence.",0
"Bro, not gonna lie, I kept saying one last episode and somehow finished the whole season, my life is actually a joke sometimes. Brooo, I saved the file but now I can’t find where I saved it, I really need to get my life together. I’ll complain about being tired but still stay up late on my phone.",0
"Dude, the bus was so crowded I couldn't even move my arm to check my phone, and I'm still pretending everything is fine. Bruh, the bus was so crowded I couldn't even move my arm to check my phone, and now I’m just here questioning my decisions. Bro fr, the bus was so crowded I couldn't even move my arm to check my phone, I really need to get my life together.",0
"The detection mechanism relies on a simple but effective approach: finally, the output is interpreted as either AI-generated or human-generated text, as a result, developers can integrate the classifier into existing web applications. Designed for modern creators, this tool helps you improve transparency when sharing or reviewing AI-assisted writing, in just a few clicks directly from your browser.",1
"Whether you're a student, teacher, or developer, this application lets you quickly evaluate multiple samples of writing without manual inspection, while maintaining an intuitive and user-friendly interface. The primary objective of this system is to demonstrate the role of natural language processing in modern software applications, and this work contributes to the growing body of research on AI safety.",1
"Brooo, I was so hungry that I finished my food in under five minutes, I’m just done at this point. Real talk, I was so hungry that I finished my food in under five minutes, my life is actually a joke sometimes. Not even kidding, I joined the online class and the teacher immediately took my name, I keep saying I'll change, but do I? No. Bro, not gonna lie, I made maggi and still somehow managed to burn it, I’m just done at this point. Sometimes I open WhatsApp and forget why I opened it.",0
"Our AI-powered detector provides a seamless way to improve transparency when sharing or reviewing AI-assisted writing, so you can stay confident about the origin of your text. You can think of the entire model as a sequence of stages: then, these sequences are padded to a consistent length to form batches, as a result, developers can integrate the classifier into existing web applications.",1
"Designed for modern creators, this tool helps you enhance your workflow by adding a simple layer of AI-generated content detection, while maintaining an intuitive and user-friendly interface. The rapid growth of artificial intelligence has significantly influenced the challenges associated with maintaining fairness, privacy, and reliability, which may assist organizations in making informed decisions. Future updates may include support for additional languages and domains.",1
"Not even kidding, I literally forgot why I walked into the kitchen halfway there, I swear the universe is trolling me. Bro fr, I literally forgot why I walked into the kitchen halfway there, I’m just done at this point. Bro, not gonna lie, I was so hungry that I finished my food in under five minutes, it be like that sometimes fr. Bro fr, my phone was at 5% and of course that’s when everyone decides to call, now I’m just staring at the screen like 💀. The only thing consistent about me is my inconsistency.",0
"Whether you're a student, teacher, or developer, this application lets you improve transparency when sharing or reviewing AI-assisted writing, while maintaining an intuitive and user-friendly interface. This project aims to explore the challenges associated with maintaining fairness, privacy, and reliability, and this work contributes to the growing body of research on AI safety. At a high level, the system follows this workflow: first, the raw text is tokenized and converted into numerical sequences, this makes the model suitable for real-time applications with moderate resource usage. Designed for modern creators, this tool helps you quickly evaluate multiple samples of writing without manual inspection, while maintaining an intuitive and user-friendly interface. Integration with existing authentication systems can help secure access to the tool.",1
"From a technical perspective, it is important to understand how machine learning models can distinguish between human-written and AI-generated content, thus highlighting the importance of robust evaluation pipelines. Designed for modern creators, this tool helps you improve transparency when sharing or reviewing AI-assisted writing, in just a few clicks directly from your browser. Whether you're a student, teacher, or developer, this application lets you improve transparency when sharing or reviewing AI-assisted writing, without needing any prior expertise in machine learning. The underlying architecture can be extended using transformer-based models.",1
"Lowkey feeling like I was so hungry that I finished my food in under five minutes, like why does this always happen to me. Bro fr, I literally forgot why I walked into the kitchen halfway there, I need a reset button for real. Dude, I literally forgot why I walked into the kitchen halfway there, I keep saying I'll change, but do I? No. Sometimes I open WhatsApp and forget why I opened it.",0
"Not even kidding, my phone was at 5% and of course that’s when everyone decides to call, and I'm still pretending everything is fine. Tbh, my laptop sounds like a jet engine every time I open VS Code, I need a reset button for real.",0
"To understand how this model works, consider the following process: next, the encoded text is passed through an embedding layer followed by an LSTM network, as a result, developers can integrate the classifier into existing web applications. You can think of the entire model as a sequence of stages: after feature extraction, a dense layer with a sigmoid activation computes the final probability, thereby creating a practical tool for educational and experimental purposes. To understand how this model works, consider the following process: next, the encoded text is passed through an embedding layer followed by an LSTM network, thereby creating a practical tool for educational and experimental purposes. The underlying architecture can be extended using transformer-based models.",1
"Lowkey feeling like I was so hungry that I finished my food in under five minutes, I can’t even be mad, this is on me. Honestly, I was so hungry that I finished my food in under five minutes, I keep saying I'll change, but do I? No. Lmao, my wifi keeps dying whenever I actually decide to be productive, I really need to get my life together. I keep saying I’ll start going to the gym ‘next Monday’.",0
"Built with performance in mind, the platform enables you to gain deeper insights into the authenticity of text appearing in your documents or projects, in just a few clicks directly from your browser. At a high level, the system follows this workflow: first, the raw text is tokenized and converted into numerical sequences, this makes the model suitable for real-time applications with moderate resource usage. The rapid growth of artificial intelligence has significantly influenced the broader implications of deploying automated language models at scale, which may assist organizations in making informed decisions. To understand how this model works, consider the following process: first, the raw text is tokenized and converted into numerical sequences, thereby creating a practical tool for educational and experimental purposes.",1
"The primary objective of this system is to demonstrate various strategies for improving classification accuracy on real-world datasets, which may assist organizations in making informed decisions. Designed for modern creators, this tool helps you improve transparency when sharing or reviewing AI-assisted writing, in just a few clicks directly from your browser. With this intelligent system, users can effortlessly analyze written content and determine whether it was generated by a human or an AI model, in just a few clicks directly from your browser. Our AI-powered detector provides a seamless way to quickly evaluate multiple samples of writing without manual inspection, while maintaining an intuitive and user-friendly interface. Logging and monitoring are recommended when deploying the system in production.",1
"The rapid growth of artificial intelligence has significantly influenced the role of natural language processing in modern software applications, which may assist organizations in making informed decisions. The primary objective of this system is to demonstrate the role of natural language processing in modern software applications, which may assist organizations in making informed decisions. At a high level, the system follows this workflow: after feature extraction, a dense layer with a sigmoid activation computes the final probability, overall, the pipeline is straightforward to implement using modern deep learning libraries. The underlying architecture can be extended using transformer-based models.",1
"You can think of the entire model as a sequence of stages: finally, the output is interpreted as either AI-generated or human-generated text, which allows the system to deliver predictions with minimal latency. The primary objective of this system is to demonstrate the role of natural language processing in modern software applications, thus highlighting the importance of robust evaluation pipelines. The detection mechanism relies on a simple but effective approach: after feature extraction, a dense layer with a sigmoid activation computes the final probability, as a result, developers can integrate the classifier into existing web applications. Whether you're a student, teacher, or developer, this application lets you improve transparency when sharing or reviewing AI-assisted writing, in just a few clicks directly from your browser.",1
"Honestly, I kept saying one last episode and somehow finished the whole season, I swear the universe is trolling me. Lmao, I joined the online class and the teacher immediately took my name, I’m just done at this point. Lowkey feeling like I was supposed to study but ended up scrolling reels for like two hours, it be like that sometimes fr.",0
"Tbh, the app just crashed the exact second I hit save, and I'm still pretending everything is fine. Bro fr, I was so hungry that I finished my food in under five minutes, and I'm still pretending everything is fine. Bro, not gonna lie, my phone was at 5% and of course that’s when everyone decides to call, and now I’m just here questioning my decisions. My screen time report is basically judging my whole existence.",0
"The primary objective of this system is to demonstrate the broader implications of deploying automated language models at scale, which ultimately benefits both developers and end users. The classification pipeline can be broken down into several steps: after feature extraction, a dense layer with a sigmoid activation computes the final probability, which allows the system to deliver predictions with minimal latency. With this intelligent system, users can effortlessly quickly evaluate multiple samples of writing without manual inspection, while maintaining an intuitive and user-friendly interface. The rapid growth of artificial intelligence has significantly influenced various strategies for improving classification accuracy on real-world datasets, and this work contributes to the growing body of research on AI safety.",1
"Bruh, the app just crashed the exact second I hit save, I need a reset button for real. No cap, I saved the file but now I can’t find where I saved it, I can’t even be mad, this is on me. Bro, not gonna lie, I was so hungry that I finished my food in under five minutes, I need a reset button for real. I was supposed to drink more water this week, but here we are.",0
"Lmao, I was so hungry that I finished my food in under five minutes, I need a reset button for real. Bro fr, the bus was so crowded I couldn't even move my arm to check my phone, and I still act surprised every time. I was supposed to drink more water this week, but here we are.",0
"Lmao, my wifi keeps dying whenever I actually decide to be productive, it be like that sometimes fr. Bro, not gonna lie, I was supposed to study but ended up scrolling reels for like two hours, I can’t even be mad, this is on me. Brooo, the bus was so crowded I couldn't even move my arm to check my phone, it be like that sometimes fr. My screen time report is basically judging my whole existence.",0
"With this intelligent system, users can effortlessly quickly evaluate multiple samples of writing without manual inspection, so you can stay confident about the origin of your text. In recent years, researchers have increasingly focused on the role of natural language processing in modern software applications, in order to build more transparent and trustworthy AI systems. Our AI-powered detector provides a seamless way to analyze written content and determine whether it was generated by a human or an AI model, making AI more accessible and understandable for everyone. This project aims to explore the broader implications of deploying automated language models at scale, thus highlighting the importance of robust evaluation pipelines. The overall design focuses on balancing accuracy, usability, and efficiency.",1
"Dude, I opened my notes and instantly felt sleepy for no reason, my life is actually a joke sometimes. Dude, the app just crashed the exact second I hit save, it be like that sometimes fr. Every time I say 'from tomorrow', that tomorrow never comes.",0
"The detection mechanism relies on a simple but effective approach: finally, the output is interpreted as either AI-generated or human-generated text, overall, the pipeline is straightforward to implement using modern deep learning libraries. The primary objective of this system is to demonstrate various strategies for improving classification accuracy on real-world datasets, which ultimately benefits both developers and end users. With this intelligent system, users can effortlessly enhance your workflow by adding a simple layer of AI-generated content detection, while maintaining an intuitive and user-friendly interface.",1
"The detection mechanism relies on a simple but effective approach: first, the raw text is tokenized and converted into numerical sequences, which allows the system to deliver predictions with minimal latency. With this intelligent system, users can effortlessly quickly evaluate multiple samples of writing without manual inspection, while maintaining an intuitive and user-friendly interface. You can think of the entire model as a sequence of stages: then, these sequences are padded to a consistent length to form batches, thereby creating a practical tool for educational and experimental purposes.",1
"Bro, not gonna lie, I was so hungry that I finished my food in under five minutes, I swear the universe is trolling me. Honestly, I was supposed to study but ended up scrolling reels for like two hours, I keep saying I'll change, but do I? No. Lmao, my phone was at 5% and of course that’s when everyone decides to call, now I’m just staring at the screen like 💀. Brooo, I kept saying one last episode and somehow finished the whole season, my life is actually a joke sometimes.",0
"Lowkey feeling like I joined the online class and the teacher immediately took my name, and I still act surprised every time. Brooo, I was so hungry that I finished my food in under five minutes, I’m just done at this point. Bruh, I was so hungry that I finished my food in under five minutes, like why does this always happen to me. Every time I say 'from tomorrow', that tomorrow never comes.",0
"Lmao, the power went out right when the match was getting interesting, and honestly I only have myself to blame. Real talk, the bus was so crowded I couldn't even move my arm to check my phone, and somehow this is becoming my daily routine. Every time I say 'from tomorrow', that tomorrow never comes.",0
"Not even kidding, I opened my notes and instantly felt sleepy for no reason, I need a reset button for real. Not even kidding, my laptop sounds like a jet engine every time I open VS Code, I’m just done at this point. Listen, I made maggi and still somehow managed to burn it, I can’t even be mad, this is on me. I was supposed to drink more water this week, but here we are.",0
"To understand how this model works, consider the following process: first, the raw text is tokenized and converted into numerical sequences, overall, the pipeline is straightforward to implement using modern deep learning libraries. Designed for modern creators, this tool helps you enhance your workflow by adding a simple layer of AI-generated content detection, without needing any prior expertise in machine learning. To understand how this model works, consider the following process: first, the raw text is tokenized and converted into numerical sequences, as a result, developers can integrate the classifier into existing web applications. From a technical perspective, it is important to understand how machine learning models can distinguish between human-written and AI-generated content, which ultimately benefits both developers and end users.",1
"In recent years, researchers have increasingly focused on the broader implications of deploying automated language models at scale, and this work contributes to the growing body of research on AI safety. At a high level, the system follows this workflow: first, the raw text is tokenized and converted into numerical sequences, as a result, developers can integrate the classifier into existing web applications.",1
"No cap, I opened my notes and instantly felt sleepy for no reason, and I still act surprised every time. Bro fr, my laptop sounds like a jet engine every time I open VS Code, and honestly I only have myself to blame. Every time I say 'from tomorrow', that tomorrow never comes.",0
"The classification pipeline can be broken down into several steps: after feature extraction, a dense layer with a sigmoid activation computes the final probability, which allows the system to deliver predictions with minimal latency. Designed for modern creators, this tool helps you enhance your workflow by adding a simple layer of AI-generated content detection, while maintaining an intuitive and user-friendly interface. In recent years, researchers have increasingly focused on the broader implications of deploying automated language models at scale, in order to build more transparent and trustworthy AI systems. The classification pipeline can be broken down into several steps: after feature extraction, a dense layer with a sigmoid activation computes the final probability, this makes the model suitable for real-time applications with moderate resource usage.",1
"The primary objective of this system is to demonstrate the role of natural language processing in modern software applications, which may assist organizations in making informed decisions. This project aims to explore the role of natural language processing in modern software applications, which ultimately benefits both developers and end users. At a high level, the system follows this workflow: first, the raw text is tokenized and converted into numerical sequences, thereby creating a practical tool for educational and experimental purposes. Future updates may include support for additional languages and domains.",1
"Bruh, I was so hungry that I finished my food in under five minutes, and somehow this is becoming my daily routine. Listen, the power went out right when the match was getting interesting, my life is actually a joke sometimes. Listen, the bus was so crowded I couldn't even move my arm to check my phone, like why does this always happen to me. I was supposed to drink more water this week, but here we are.",0
"Fr, the app just crashed the exact second I hit save, I really need to get my life together. No cap, my phone was at 5% and of course that’s when everyone decides to call, it be like that sometimes fr. Lmao, the app just crashed the exact second I hit save, now I’m just staring at the screen like 💀. Bro fr, I joined the online class and the teacher immediately took my name, and somehow this is becoming my daily routine.",0
"Bro, not gonna lie, I made maggi and still somehow managed to burn it, now I’m just staring at the screen like 💀. Idk man, I joined the online class and the teacher immediately took my name, and honestly I only have myself to blame.",0
"Lmao, I joined the online class and the teacher immediately took my name, I really need to get my life together. Dude, I told myself I’d sleep early but it’s 3am and I’m still awake, it be like that sometimes fr. Honestly, I was supposed to study but ended up scrolling reels for like two hours, and I'm still pretending everything is fine. Bro, not gonna lie, my laptop sounds like a jet engine every time I open VS Code, I really need to get my life together.",0
"Lowkey feeling like I opened my notes and instantly felt sleepy for no reason, I can’t even be mad, this is on me. Honestly, my phone was at 5% and of course that’s when everyone decides to call, and I'm still pretending everything is fine. No cap, I joined the online class and the teacher immediately took my name, like why does this always happen to me. Sometimes I open WhatsApp and forget why I opened it.",0
"Bro, not gonna lie, my wifi keeps dying whenever I actually decide to be productive, and I'm still pretending everything is fine. Fr, the power went out right when the match was getting interesting, I really need to get my life together. Tbh, I was supposed to study but ended up scrolling reels for like two hours, and honestly I only have myself to blame.",0
"From a technical perspective, it is important to understand the broader implications of deploying automated language models at scale, thus highlighting the importance of robust evaluation pipelines. In recent years, researchers have increasingly focused on the role of natural language processing in modern software applications, in order to build more transparent and trustworthy AI systems. Logging and monitoring are recommended when deploying the system in production.",1
"The detection mechanism relies on a simple but effective approach: then, these sequences are padded to a consistent length to form batches, thereby creating a practical tool for educational and experimental purposes. From a technical perspective, it is important to understand the challenges associated with maintaining fairness, privacy, and reliability, thus highlighting the importance of robust evaluation pipelines.",1
"At a high level, the system follows this workflow: next, the encoded text is passed through an embedding layer followed by an LSTM network, overall, the pipeline is straightforward to implement using modern deep learning libraries. The detection mechanism relies on a simple but effective approach: after feature extraction, a dense layer with a sigmoid activation computes the final probability, thereby creating a practical tool for educational and experimental purposes. The detection mechanism relies on a simple but effective approach: first, the raw text is tokenized and converted into numerical sequences, as a result, developers can integrate the classifier into existing web applications. Built with performance in mind, the platform enables you to improve transparency when sharing or reviewing AI-assisted writing, in just a few clicks directly from your browser. The interface can be customized to match different design preferences.",1
"Idk man, my phone was at 5% and of course that’s when everyone decides to call, I need a reset button for real. Bro, not gonna lie, I was supposed to study but ended up scrolling reels for like two hours, now I’m just staring at the screen like 💀. My screen time report is basically judging my whole existence.",0
"In recent years, researchers have increasingly focused on various strategies for improving classification accuracy on real-world datasets, thus highlighting the importance of robust evaluation pipelines. Whether you're a student, teacher, or developer, this application lets you analyze written content and determine whether it was generated by a human or an AI model, while maintaining an intuitive and user-friendly interface. The classification pipeline can be broken down into several steps: then, these sequences are padded to a consistent length to form batches, overall, the pipeline is straightforward to implement using modern deep learning libraries. The detection mechanism relies on a simple but effective approach: next, the encoded text is passed through an embedding layer followed by an LSTM network, which allows the system to deliver predictions with minimal latency. This classifier serves as a starting point for exploring responsible AI practices.",1
"This project aims to explore the broader implications of deploying automated language models at scale, which may assist organizations in making informed decisions. With this intelligent system, users can effortlessly quickly evaluate multiple samples of writing without manual inspection, while maintaining an intuitive and user-friendly interface. Built with performance in mind, the platform enables you to analyze written content and determine whether it was generated by a human or an AI model, while maintaining an intuitive and user-friendly interface. With this intelligent system, users can effortlessly quickly evaluate multiple samples of writing without manual inspection, so you can stay confident about the origin of your text.",1
"Tbh, I told myself I’d sleep early but it’s 3am and I’m still awake, I really need to get my life together. Not even kidding, my phone was at 5% and of course that’s when everyone decides to call, I really need to get my life together. Fr, I told myself I’d sleep early but it’s 3am and I’m still awake, and now I’m just here questioning my decisions.",0
"Whether you're a student, teacher, or developer, this application lets you improve transparency when sharing or reviewing AI-assisted writing, making AI more accessible and understandable for everyone. Our AI-powered detector provides a seamless way to improve transparency when sharing or reviewing AI-assisted writing, in just a few clicks directly from your browser.",1
"Bro, not gonna lie, I made maggi and still somehow managed to burn it, it be like that sometimes fr. Bro fr, the app just crashed the exact second I hit save, I really need to get my life together. Honestly, my wifi keeps dying whenever I actually decide to be productive, I’m just done at this point. I was supposed to drink more water this week, but here we are.",0
"Tbh, the app just crashed the exact second I hit save, and now I’m just here questioning my decisions. Idk man, I kept saying one last episode and somehow finished the whole season, and honestly I only have myself to blame. Bro fr, I made maggi and still somehow managed to burn it, and somehow this is becoming my daily routine.",0
"Bro, not gonna lie, my laptop sounds like a jet engine every time I open VS Code, and I'm still pretending everything is fine. Listen, the power went out right when the match was getting interesting, I swear the universe is trolling me. Half my day is just me thinking about what to eat next.",0
"This project aims to explore the role of natural language processing in modern software applications, which ultimately benefits both developers and end users. The primary objective of this system is to demonstrate how machine learning models can distinguish between human-written and AI-generated content, thus highlighting the importance of robust evaluation pipelines. In recent years, researchers have increasingly focused on various strategies for improving classification accuracy on real-world datasets, in order to build more transparent and trustworthy AI systems. This classifier serves as a starting point for exploring responsible AI practices.",1
"Bro fr, my laptop sounds like a jet engine every time I open VS Code, like why does this always happen to me. Bro, not gonna lie, I told myself I’d sleep early but it’s 3am and I’m still awake, I can’t even be mad, this is on me.",0
"Bro, not gonna lie, the power went out right when the match was getting interesting, I really need to get my life together. Bro fr, I told myself I’d sleep early but it’s 3am and I’m still awake, and now I’m just here questioning my decisions. Fr, I was supposed to study but ended up scrolling reels for like two hours, like why does this always happen to me.",0
"You can think of the entire model as a sequence of stages: finally, the output is interpreted as either AI-generated or human-generated text, this makes the model suitable for real-time applications with moderate resource usage. Whether you're a student, teacher, or developer, this application lets you gain deeper insights into the authenticity of text appearing in your documents or projects, making AI more accessible and understandable for everyone. From a technical perspective, it is important to understand the role of natural language processing in modern software applications, which may assist organizations in making informed decisions. The classification pipeline can be broken down into several steps: then, these sequences are padded to a consistent length to form batches, which allows the system to deliver predictions with minimal latency. The overall design focuses on balancing accuracy, usability, and efficiency.",1
"Bro, not gonna lie, the bus was so crowded I couldn't even move my arm to check my phone, I really need to get my life together. Fr, I literally forgot why I walked into the kitchen halfway there, I really need to get my life together. I was supposed to drink more water this week, but here we are.",0
"The primary objective of this system is to demonstrate the broader implications of deploying automated language models at scale, and this work contributes to the growing body of research on AI safety. You can think of the entire model as a sequence of stages: first, the raw text is tokenized and converted into numerical sequences, thereby creating a practical tool for educational and experimental purposes. At a high level, the system follows this workflow: finally, the output is interpreted as either AI-generated or human-generated text, this makes the model suitable for real-time applications with moderate resource usage. The rapid growth of artificial intelligence has significantly influenced various strategies for improving classification accuracy on real-world datasets, which ultimately benefits both developers and end users. Logging and monitoring are recommended when deploying the system in production.",1
"The rapid growth of artificial intelligence has significantly influenced the challenges associated with maintaining fairness, privacy, and reliability, in order to build more transparent and trustworthy AI systems. From a technical perspective, it is important to understand the broader implications of deploying automated language models at scale, and this work contributes to the growing body of research on AI safety. Designed for modern creators, this tool helps you enhance your workflow by adding a simple layer of AI-generated content detection, in just a few clicks directly from your browser. Hybrid approaches that combine rules and machine learning may further boost performance.",1
"Real talk, my laptop sounds like a jet engine every time I open VS Code, my life is actually a joke sometimes. Tbh, the bus was so crowded I couldn't even move my arm to check my phone, now I’m just staring at the screen like 💀. Real talk, my laptop sounds like a jet engine every time I open VS Code, and honestly I only have myself to blame.",0
"Listen, my phone was at 5% and of course that’s when everyone decides to call, I’m just done at this point. Real talk, I saved the file but now I can’t find where I saved it, I can’t even be mad, this is on me. Not even kidding, I joined the online class and the teacher immediately took my name, I really need to get my life together.",0
"With this intelligent system, users can effortlessly gain deeper insights into the authenticity of text appearing in your documents or projects, so you can stay confident about the origin of your text. Our AI-powered detector provides a seamless way to improve transparency when sharing or reviewing AI-assisted writing, making AI more accessible and understandable for everyone. Designed for modern creators, this tool helps you enhance your workflow by adding a simple layer of AI-generated content detection, so you can stay confident about the origin of your text. With this intelligent system, users can effortlessly improve transparency when sharing or reviewing AI-assisted writing, so you can stay confident about the origin of your text. The underlying architecture can be extended using transformer-based models.",1
"Tbh, I opened my notes and instantly felt sleepy for no reason, I really need to get my life together. Idk man, I saved the file but now I can’t find where I saved it, I really need to get my life together. No cap, the bus was so crowded I couldn't even move my arm to check my phone, it be like that sometimes fr.",0
"From a technical perspective, it is important to understand the broader implications of deploying automated language models at scale, which may assist organizations in making informed decisions. With this intelligent system, users can effortlessly gain deeper insights into the authenticity of text appearing in your documents or projects, without needing any prior expertise in machine learning. The underlying architecture can be extended using transformer-based models.",1
"To understand how this model works, consider the following process: then, these sequences are padded to a consistent length to form batches, overall, the pipeline is straightforward to implement using modern deep learning libraries. In recent years, researchers have increasingly focused on how machine learning models can distinguish between human-written and AI-generated content, thus highlighting the importance of robust evaluation pipelines. Logging and monitoring are recommended when deploying the system in production.",1
"The classification pipeline can be broken down into several steps: after feature extraction, a dense layer with a sigmoid activation computes the final probability, overall, the pipeline is straightforward to implement using modern deep learning libraries. The rapid growth of artificial intelligence has significantly influenced various strategies for improving classification accuracy on real-world datasets, which ultimately benefits both developers and end users. You can think of the entire model as a sequence of stages: first, the raw text is tokenized and converted into numerical sequences, which allows the system to deliver predictions with minimal latency. Logging and monitoring are recommended when deploying the system in production.",1
"To understand how this model works, consider the following process: next, the encoded text is passed through an embedding layer followed by an LSTM network, as a result, developers can integrate the classifier into existing web applications. In recent years, researchers have increasingly focused on the challenges associated with maintaining fairness, privacy, and reliability, which ultimately benefits both developers and end users. The rapid growth of artificial intelligence has significantly influenced various strategies for improving classification accuracy on real-world datasets, and this work contributes to the growing body of research on AI safety. Whether you're a student, teacher, or developer, this application lets you quickly evaluate multiple samples of writing without manual inspection, in just a few clicks directly from your browser. Users are encouraged to provide feedback to continuously improve the tool.",1
"Built with performance in mind, the platform enables you to gain deeper insights into the authenticity of text appearing in your documents or projects, while maintaining an intuitive and user-friendly interface. The primary objective of this system is to demonstrate the broader implications of deploying automated language models at scale, and this work contributes to the growing body of research on AI safety. To understand how this model works, consider the following process: then, these sequences are padded to a consistent length to form batches, overall, the pipeline is straightforward to implement using modern deep learning libraries. Whether you're a student, teacher, or developer, this application lets you gain deeper insights into the authenticity of text appearing in your documents or projects, while maintaining an intuitive and user-friendly interface.",1
"This project aims to explore how machine learning models can distinguish between human-written and AI-generated content, in order to build more transparent and trustworthy AI systems. The rapid growth of artificial intelligence has significantly influenced the role of natural language processing in modern software applications, in order to build more transparent and trustworthy AI systems. In recent years, researchers have increasingly focused on the challenges associated with maintaining fairness, privacy, and reliability, which may assist organizations in making informed decisions. At a high level, the system follows this workflow: first, the raw text is tokenized and converted into numerical sequences, which allows the system to deliver predictions with minimal latency. Users are encouraged to provide feedback to continuously improve the tool.",1
"Listen, I kept saying one last episode and somehow finished the whole season, I keep saying I'll change, but do I? No. Idk man, I told myself I’d sleep early but it’s 3am and I’m still awake, and honestly I only have myself to blame.",0
"Bro, not gonna lie, the app just crashed the exact second I hit save, my life is actually a joke sometimes. Lowkey feeling like I kept saying one last episode and somehow finished the whole season, like why does this always happen to me. Lmao, my laptop sounds like a jet engine every time I open VS Code, I keep saying I'll change, but do I? No. I was supposed to drink more water this week, but here we are.",0
"Dude, I kept saying one last episode and somehow finished the whole season, my life is actually a joke sometimes. Idk man, I literally forgot why I walked into the kitchen halfway there, and I still act surprised every time. My screen time report is basically judging my whole existence.",0
"Bruh, I was supposed to study but ended up scrolling reels for like two hours, and somehow this is becoming my daily routine. No cap, I joined the online class and the teacher immediately took my name, and now I’m just here questioning my decisions. Sometimes I open WhatsApp and forget why I opened it.",0
"At a high level, the system follows this workflow: next, the encoded text is passed through an embedding layer followed by an LSTM network, which allows the system to deliver predictions with minimal latency. At a high level, the system follows this workflow: after feature extraction, a dense layer with a sigmoid activation computes the final probability, this makes the model suitable for real-time applications with moderate resource usage. Our AI-powered detector provides a seamless way to quickly evaluate multiple samples of writing without manual inspection, so you can stay confident about the origin of your text.",1
"Bro, not gonna lie, I told myself I’d sleep early but it’s 3am and I’m still awake, like why does this always happen to me. Honestly, the bus was so crowded I couldn't even move my arm to check my phone, now I’m just staring at the screen like 💀. Idk man, I saved the file but now I can’t find where I saved it, my life is actually a joke sometimes. Tbh, I opened my notes and instantly felt sleepy for no reason, I swear the universe is trolling me. I’ll complain about being tired but still stay up late on my phone.",0
"From a technical perspective, it is important to understand the broader implications of deploying automated language models at scale, in order to build more transparent and trustworthy AI systems. The detection mechanism relies on a simple but effective approach: finally, the output is interpreted as either AI-generated or human-generated text, overall, the pipeline is straightforward to implement using modern deep learning libraries. From a technical perspective, it is important to understand the broader implications of deploying automated language models at scale, which ultimately benefits both developers and end users. The interface can be customized to match different design preferences.",1
"No cap, I saved the file but now I can’t find where I saved it, my life is actually a joke sometimes. Bro fr, the app just crashed the exact second I hit save, I really need to get my life together. Tbh, my phone was at 5% and of course that’s when everyone decides to call, I can’t even be mad, this is on me.",0
"Honestly, the power went out right when the match was getting interesting, now I’m just staring at the screen like 💀. Brooo, I was so hungry that I finished my food in under five minutes, I need a reset button for real. Brooo, I opened my notes and instantly felt sleepy for no reason, and somehow this is becoming my daily routine. Dude, I joined the online class and the teacher immediately took my name, and I still act surprised every time.",0
"Built with performance in mind, the platform enables you to analyze written content and determine whether it was generated by a human or an AI model, without needing any prior expertise in machine learning. With this intelligent system, users can effortlessly improve transparency when sharing or reviewing AI-assisted writing, while maintaining an intuitive and user-friendly interface. Whether you're a student, teacher, or developer, this application lets you enhance your workflow by adding a simple layer of AI-generated content detection, in just a few clicks directly from your browser.",1
"Our AI-powered detector provides a seamless way to enhance your workflow by adding a simple layer of AI-generated content detection, while maintaining an intuitive and user-friendly interface. In recent years, researchers have increasingly focused on how machine learning models can distinguish between human-written and AI-generated content, which may assist organizations in making informed decisions. The rapid growth of artificial intelligence has significantly influenced the challenges associated with maintaining fairness, privacy, and reliability, and this work contributes to the growing body of research on AI safety. Future updates may include support for additional languages and domains.",1
"This project aims to explore how machine learning models can distinguish between human-written and AI-generated content, thus highlighting the importance of robust evaluation pipelines. With this intelligent system, users can effortlessly gain deeper insights into the authenticity of text appearing in your documents or projects, making AI more accessible and understandable for everyone. To understand how this model works, consider the following process: then, these sequences are padded to a consistent length to form batches, as a result, developers can integrate the classifier into existing web applications. From a technical perspective, it is important to understand various strategies for improving classification accuracy on real-world datasets, thus highlighting the importance of robust evaluation pipelines. Future updates may include support for additional languages and domains.",1
"No cap, the bus was so crowded I couldn't even move my arm to check my phone, now I’m just staring at the screen like 💀. Listen, I kept saying one last episode and somehow finished the whole season, and honestly I only have myself to blame. Tbh, I opened my notes and instantly felt sleepy for no reason, I swear the universe is trolling me. Brooo, I saved the file but now I can’t find where I saved it, I need a reset button for real. I was supposed to drink more water this week, but here we are.",0
"In recent years, researchers have increasingly focused on various strategies for improving classification accuracy on real-world datasets, and this work contributes to the growing body of research on AI safety. This project aims to explore the challenges associated with maintaining fairness, privacy, and reliability, which ultimately benefits both developers and end users. The primary objective of this system is to demonstrate the challenges associated with maintaining fairness, privacy, and reliability, and this work contributes to the growing body of research on AI safety.",1
"Bro, not gonna lie, the bus was so crowded I couldn't even move my arm to check my phone, I need a reset button for real. Real talk, my wifi keeps dying whenever I actually decide to be productive, like why does this always happen to me. Brooo, my laptop sounds like a jet engine every time I open VS Code, it be like that sometimes fr.",0
"You can think of the entire model as a sequence of stages: next, the encoded text is passed through an embedding layer followed by an LSTM network, thereby creating a practical tool for educational and experimental purposes. Whether you're a student, teacher, or developer, this application lets you enhance your workflow by adding a simple layer of AI-generated content detection, while maintaining an intuitive and user-friendly interface.",1
"Bro fr, the power went out right when the match was getting interesting, I need a reset button for real. Bruh, my phone was at 5% and of course that’s when everyone decides to call, now I’m just staring at the screen like 💀. Real talk, I made maggi and still somehow managed to burn it, I can’t even be mad, this is on me. Dude, I literally forgot why I walked into the kitchen halfway there, I swear the universe is trolling me. My friends keep making plans and cancelling at the last minute.",0
"You can think of the entire model as a sequence of stages: finally, the output is interpreted as either AI-generated or human-generated text, which allows the system to deliver predictions with minimal latency. Whether you're a student, teacher, or developer, this application lets you analyze written content and determine whether it was generated by a human or an AI model, in just a few clicks directly from your browser. The classification pipeline can be broken down into several steps: first, the raw text is tokenized and converted into numerical sequences, which allows the system to deliver predictions with minimal latency.",1
"This project aims to explore how machine learning models can distinguish between human-written and AI-generated content, which ultimately benefits both developers and end users. At a high level, the system follows this workflow: finally, the output is interpreted as either AI-generated or human-generated text, which allows the system to deliver predictions with minimal latency. The overall design focuses on balancing accuracy, usability, and efficiency.",1
"Fr, the app just crashed the exact second I hit save, I’m just done at this point. Listen, my phone was at 5% and of course that’s when everyone decides to call, I’m just done at this point.",0
"The primary objective of this system is to demonstrate the role of natural language processing in modern software applications, which may assist organizations in making informed decisions. You can think of the entire model as a sequence of stages: next, the encoded text is passed through an embedding layer followed by an LSTM network, thereby creating a practical tool for educational and experimental purposes. The detection mechanism relies on a simple but effective approach: then, these sequences are padded to a consistent length to form batches, overall, the pipeline is straightforward to implement using modern deep learning libraries. Built with performance in mind, the platform enables you to enhance your workflow by adding a simple layer of AI-generated content detection, so you can stay confident about the origin of your text. Users are encouraged to provide feedback to continuously improve the tool.",1
"You can think of the entire model as a sequence of stages: first, the raw text is tokenized and converted into numerical sequences, which allows the system to deliver predictions with minimal latency. Built with performance in mind, the platform enables you to quickly evaluate multiple samples of writing without manual inspection, while maintaining an intuitive and user-friendly interface. In recent years, researchers have increasingly focused on how machine learning models can distinguish between human-written and AI-generated content, which ultimately benefits both developers and end users. Hybrid approaches that combine rules and machine learning may further boost performance.",1
"Bro fr, my laptop sounds like a jet engine every time I open VS Code, and somehow this is becoming my daily routine. Lmao, the app just crashed the exact second I hit save, I really need to get my life together. Lowkey feeling like I saved the file but now I can’t find where I saved it, my life is actually a joke sometimes.",0
"Built with performance in mind, the platform enables you to improve transparency when sharing or reviewing AI-assisted writing, making AI more accessible and understandable for everyone. Whether you're a student, teacher, or developer, this application lets you gain deeper insights into the authenticity of text appearing in your documents or projects, in just a few clicks directly from your browser. Hybrid approaches that combine rules and machine learning may further boost performance.",1
"Whether you're a student, teacher, or developer, this application lets you gain deeper insights into the authenticity of text appearing in your documents or projects, making AI more accessible and understandable for everyone. This project aims to explore the role of natural language processing in modern software applications, which may assist organizations in making informed decisions. Our AI-powered detector provides a seamless way to gain deeper insights into the authenticity of text appearing in your documents or projects, while maintaining an intuitive and user-friendly interface. The rapid growth of artificial intelligence has significantly influenced the broader implications of deploying automated language models at scale, which may assist organizations in making informed decisions. The interface can be customized to match different design preferences.",1
"You can think of the entire model as a sequence of stages: finally, the output is interpreted as either AI-generated or human-generated text, which allows the system to deliver predictions with minimal latency. Whether you're a student, teacher, or developer, this application lets you gain deeper insights into the authenticity of text appearing in your documents or projects, while maintaining an intuitive and user-friendly interface. You can think of the entire model as a sequence of stages: after feature extraction, a dense layer with a sigmoid activation computes the final probability, overall, the pipeline is straightforward to implement using modern deep learning libraries.",1
"Bro fr, I made maggi and still somehow managed to burn it, I keep saying I'll change, but do I? No. Brooo, the app just crashed the exact second I hit save, it be like that sometimes fr. No cap, my phone was at 5% and of course that’s when everyone decides to call, like why does this always happen to me. Fr, I told myself I’d sleep early but it’s 3am and I’m still awake, and somehow this is becoming my daily routine. My friends keep making plans and cancelling at the last minute.",0
"Whether you're a student, teacher, or developer, this application lets you improve transparency when sharing or reviewing AI-assisted writing, making AI more accessible and understandable for everyone. Whether you're a student, teacher, or developer, this application lets you quickly evaluate multiple samples of writing without manual inspection, without needing any prior expertise in machine learning. Careful dataset curation remains essential for achieving reliable outcomes.",1
"Dude, I told myself I’d sleep early but it’s 3am and I’m still awake, my life is actually a joke sometimes. Lmao, I made maggi and still somehow managed to burn it, now I’m just staring at the screen like 💀. No cap, I made maggi and still somehow managed to burn it, I swear the universe is trolling me. Real talk, I told myself I’d sleep early but it’s 3am and I’m still awake, I keep saying I'll change, but do I? No.",0
"Bruh, I opened my notes and instantly felt sleepy for no reason, I keep saying I'll change, but do I? No. Bro, not gonna lie, my laptop sounds like a jet engine every time I open VS Code, and I still act surprised every time. Bro fr, the power went out right when the match was getting interesting, and honestly I only have myself to blame.",0
"Built with performance in mind, the platform enables you to quickly evaluate multiple samples of writing without manual inspection, in just a few clicks directly from your browser. To understand how this model works, consider the following process: then, these sequences are padded to a consistent length to form batches, as a result, developers can integrate the classifier into existing web applications. Future updates may include support for additional languages and domains.",1
"Listen, my laptop sounds like a jet engine every time I open VS Code, I’m just done at this point. Bruh, I made maggi and still somehow managed to burn it, and I'm still pretending everything is fine. Real talk, I kept saying one last episode and somehow finished the whole season, and now I’m just here questioning my decisions. Lowkey feeling like I was so hungry that I finished my food in under five minutes, my life is actually a joke sometimes.",0
"Honestly, I saved the file but now I can’t find where I saved it, like why does this always happen to me. Idk man, I joined the online class and the teacher immediately took my name, and somehow this is becoming my daily routine. Listen, I told myself I’d sleep early but it’s 3am and I’m still awake, I can’t even be mad, this is on me. Bro fr, I kept saying one last episode and somehow finished the whole season, and now I’m just here questioning my decisions.",0
"The detection mechanism relies on a simple but effective approach: finally, the output is interpreted as either AI-generated or human-generated text, which allows the system to deliver predictions with minimal latency. Our AI-powered detector provides a seamless way to quickly evaluate multiple samples of writing without manual inspection, so you can stay confident about the origin of your text. The overall design focuses on balancing accuracy, usability, and efficiency.",1
"Tbh, the bus was so crowded I couldn't even move my arm to check my phone, I can’t even be mad, this is on me. Honestly, I told myself I’d sleep early but it’s 3am and I’m still awake, I keep saying I'll change, but do I? No. Every time I say 'from tomorrow', that tomorrow never comes.",0
"Lowkey feeling like I was supposed to study but ended up scrolling reels for like two hours, I can’t even be mad, this is on me. Bruh, my wifi keeps dying whenever I actually decide to be productive, now I’m just staring at the screen like 💀. I keep saying I’ll start going to the gym ‘next Monday’.",0
"Lmao, I was supposed to study but ended up scrolling reels for like two hours, I really need to get my life together. No cap, the power went out right when the match was getting interesting, like why does this always happen to me. Lowkey feeling like the bus was so crowded I couldn't even move my arm to check my phone, like why does this always happen to me.",0
"Fr, I was so hungry that I finished my food in under five minutes, my life is actually a joke sometimes. Dude, I opened my notes and instantly felt sleepy for no reason, I can’t even be mad, this is on me. Fr, the power went out right when the match was getting interesting, I keep saying I'll change, but do I? No. Sometimes I open WhatsApp and forget why I opened it.",0
"Tbh, I kept saying one last episode and somehow finished the whole season, I really need to get my life together. Lmao, my phone was at 5% and of course that’s when everyone decides to call, it be like that sometimes fr.",0
"Not even kidding, my wifi keeps dying whenever I actually decide to be productive, I need a reset button for real. Real talk, I was supposed to study but ended up scrolling reels for like two hours, like why does this always happen to me. Lowkey feeling like I opened my notes and instantly felt sleepy for no reason, now I’m just staring at the screen like 💀. Bro fr, my laptop sounds like a jet engine every time I open VS Code, and I'm still pretending everything is fine. The only thing consistent about me is my inconsistency.",0
"The detection mechanism relies on a simple but effective approach: next, the encoded text is passed through an embedding layer followed by an LSTM network, thereby creating a practical tool for educational and experimental purposes. The primary objective of this system is to demonstrate the role of natural language processing in modern software applications, which ultimately benefits both developers and end users.",1
"The classification pipeline can be broken down into several steps: after feature extraction, a dense layer with a sigmoid activation computes the final probability, as a result, developers can integrate the classifier into existing web applications. The detection mechanism relies on a simple but effective approach: next, the encoded text is passed through an embedding layer followed by an LSTM network, as a result, developers can integrate the classifier into existing web applications. Our AI-powered detector provides a seamless way to quickly evaluate multiple samples of writing without manual inspection, while maintaining an intuitive and user-friendly interface. With this intelligent system, users can effortlessly enhance your workflow by adding a simple layer of AI-generated content detection, in just a few clicks directly from your browser.",1
"The rapid growth of artificial intelligence has significantly influenced how machine learning models can distinguish between human-written and AI-generated content, which ultimately benefits both developers and end users. The primary objective of this system is to demonstrate how machine learning models can distinguish between human-written and AI-generated content, which ultimately benefits both developers and end users. This project aims to explore various strategies for improving classification accuracy on real-world datasets, and this work contributes to the growing body of research on AI safety. The underlying architecture can be extended using transformer-based models.",1
"Fr, I told myself I’d sleep early but it’s 3am and I’m still awake, I need a reset button for real. Bruh, the app just crashed the exact second I hit save, and honestly I only have myself to blame. Tbh, I literally forgot why I walked into the kitchen halfway there, and honestly I only have myself to blame.",0
"Lowkey feeling like my wifi keeps dying whenever I actually decide to be productive, and now I’m just here questioning my decisions. Real talk, the bus was so crowded I couldn't even move my arm to check my phone, and I still act surprised every time. Lmao, I literally forgot why I walked into the kitchen halfway there, I swear the universe is trolling me. Bruh, my laptop sounds like a jet engine every time I open VS Code, like why does this always happen to me.",0
"With this intelligent system, users can effortlessly gain deeper insights into the authenticity of text appearing in your documents or projects, while maintaining an intuitive and user-friendly interface. At a high level, the system follows this workflow: after feature extraction, a dense layer with a sigmoid activation computes the final probability, this makes the model suitable for real-time applications with moderate resource usage.",1
"Lowkey feeling like my phone was at 5% and of course that’s when everyone decides to call, like why does this always happen to me. No cap, I made maggi and still somehow managed to burn it, I need a reset button for real.",0
"Bruh, my phone was at 5% and of course that’s when everyone decides to call, now I’m just staring at the screen like 💀. Real talk, my wifi keeps dying whenever I actually decide to be productive, my life is actually a joke sometimes.",0
"This project aims to explore the broader implications of deploying automated language models at scale, which ultimately benefits both developers and end users. The rapid growth of artificial intelligence has significantly influenced the role of natural language processing in modern software applications, in order to build more transparent and trustworthy AI systems. This classifier serves as a starting point for exploring responsible AI practices.",1
"This project aims to explore the challenges associated with maintaining fairness, privacy, and reliability, and this work contributes to the growing body of research on AI safety. The primary objective of this system is to demonstrate various strategies for improving classification accuracy on real-world datasets, which may assist organizations in making informed decisions. Designed for modern creators, this tool helps you analyze written content and determine whether it was generated by a human or an AI model, in just a few clicks directly from your browser. Our AI-powered detector provides a seamless way to gain deeper insights into the authenticity of text appearing in your documents or projects, while maintaining an intuitive and user-friendly interface. This classifier serves as a starting point for exploring responsible AI practices.",1
"Idk man, I was supposed to study but ended up scrolling reels for like two hours, I can’t even be mad, this is on me. No cap, I saved the file but now I can’t find where I saved it, now I’m just staring at the screen like 💀. Tbh, the power went out right when the match was getting interesting, I swear the universe is trolling me.",0
"Lmao, I made maggi and still somehow managed to burn it, it be like that sometimes fr. Idk man, the bus was so crowded I couldn't even move my arm to check my phone, and somehow this is becoming my daily routine. Lowkey feeling like I opened my notes and instantly felt sleepy for no reason, I really need to get my life together. My screen time report is basically judging my whole existence.",0
"Dude, the bus was so crowded I couldn't even move my arm to check my phone, like why does this always happen to me. Real talk, the power went out right when the match was getting interesting, I’m just done at this point. No cap, my phone was at 5% and of course that’s when everyone decides to call, and I'm still pretending everything is fine.",0
"At a high level, the system follows this workflow: first, the raw text is tokenized and converted into numerical sequences, as a result, developers can integrate the classifier into existing web applications. With this intelligent system, users can effortlessly quickly evaluate multiple samples of writing without manual inspection, in just a few clicks directly from your browser. This project aims to explore the broader implications of deploying automated language models at scale, which may assist organizations in making informed decisions.",1
"This project aims to explore the broader implications of deploying automated language models at scale, in order to build more transparent and trustworthy AI systems. This project aims to explore the challenges associated with maintaining fairness, privacy, and reliability, which may assist organizations in making informed decisions. The rapid growth of artificial intelligence has significantly influenced the challenges associated with maintaining fairness, privacy, and reliability, thus highlighting the importance of robust evaluation pipelines. From a technical perspective, it is important to understand the broader implications of deploying automated language models at scale, in order to build more transparent and trustworthy AI systems. Logging and monitoring are recommended when deploying the system in production.",1
"Designed for modern creators, this tool helps you enhance your workflow by adding a simple layer of AI-generated content detection, in just a few clicks directly from your browser. The rapid growth of artificial intelligence has significantly influenced the challenges associated with maintaining fairness, privacy, and reliability, in order to build more transparent and trustworthy AI systems. In recent years, researchers have increasingly focused on the role of natural language processing in modern software applications, which ultimately benefits both developers and end users. This project aims to explore the broader implications of deploying automated language models at scale, which may assist organizations in making informed decisions. The interface can be customized to match different design preferences.",1
"Designed for modern creators, this tool helps you quickly evaluate multiple samples of writing without manual inspection, without needing any prior expertise in machine learning. From a technical perspective, it is important to understand the broader implications of deploying automated language models at scale, thus highlighting the importance of robust evaluation pipelines. The classification pipeline can be broken down into several steps: after feature extraction, a dense layer with a sigmoid activation computes the final probability, which allows the system to deliver predictions with minimal latency. Logging and monitoring are recommended when deploying the system in production.",1
"Real talk, I opened my notes and instantly felt sleepy for no reason, I’m just done at this point. Brooo, I was so hungry that I finished my food in under five minutes, I’m just done at this point. The only thing consistent about me is my inconsistency.",0
"Fr, I opened my notes and instantly felt sleepy for no reason, and honestly I only have myself to blame. Dude, I opened my notes and instantly felt sleepy for no reason, and somehow this is becoming my daily routine. Tbh, my wifi keeps dying whenever I actually decide to be productive, and now I’m just here questioning my decisions.",0
"This project aims to explore the challenges associated with maintaining fairness, privacy, and reliability, which ultimately benefits both developers and end users. Our AI-powered detector provides a seamless way to quickly evaluate multiple samples of writing without manual inspection, making AI more accessible and understandable for everyone. The primary objective of this system is to demonstrate various strategies for improving classification accuracy on real-world datasets, which ultimately benefits both developers and end users. This project aims to explore how machine learning models can distinguish between human-written and AI-generated content, which may assist organizations in making informed decisions. Careful dataset curation remains essential for achieving reliable outcomes.",1
"Listen, I was supposed to study but ended up scrolling reels for like two hours, like why does this always happen to me. Bro fr, my wifi keeps dying whenever I actually decide to be productive, now I’m just staring at the screen like 💀. No cap, my phone was at 5% and of course that’s when everyone decides to call, my life is actually a joke sometimes.",0
"Idk man, I saved the file but now I can’t find where I saved it, I really need to get my life together. No cap, I was supposed to study but ended up scrolling reels for like two hours, I keep saying I'll change, but do I? No. Not even kidding, the power went out right when the match was getting interesting, my life is actually a joke sometimes. Bro, not gonna lie, I was supposed to study but ended up scrolling reels for like two hours, I need a reset button for real.",0
"The rapid growth of artificial intelligence has significantly influenced various strategies for improving classification accuracy on real-world datasets, in order to build more transparent and trustworthy AI systems. In recent years, researchers have increasingly focused on the role of natural language processing in modern software applications, which ultimately benefits both developers and end users. Whether you're a student, teacher, or developer, this application lets you quickly evaluate multiple samples of writing without manual inspection, without needing any prior expertise in machine learning. The rapid growth of artificial intelligence has significantly influenced the role of natural language processing in modern software applications, and this work contributes to the growing body of research on AI safety. The overall design focuses on balancing accuracy, usability, and efficiency.",1
"With this intelligent system, users can effortlessly enhance your workflow by adding a simple layer of AI-generated content detection, without needing any prior expertise in machine learning. This project aims to explore various strategies for improving classification accuracy on real-world datasets, which may assist organizations in making informed decisions. Hybrid approaches that combine rules and machine learning may further boost performance.",1
"This project aims to explore the challenges associated with maintaining fairness, privacy, and reliability, which ultimately benefits both developers and end users. Whether you're a student, teacher, or developer, this application lets you gain deeper insights into the authenticity of text appearing in your documents or projects, so you can stay confident about the origin of your text. From a technical perspective, it is important to understand various strategies for improving classification accuracy on real-world datasets, which ultimately benefits both developers and end users. The overall design focuses on balancing accuracy, usability, and efficiency.",1
"To understand how this model works, consider the following process: first, the raw text is tokenized and converted into numerical sequences, thereby creating a practical tool for educational and experimental purposes. The primary objective of this system is to demonstrate how machine learning models can distinguish between human-written and AI-generated content, which may assist organizations in making informed decisions.",1
"This project aims to explore how machine learning models can distinguish between human-written and AI-generated content, which ultimately benefits both developers and end users. You can think of the entire model as a sequence of stages: first, the raw text is tokenized and converted into numerical sequences, overall, the pipeline is straightforward to implement using modern deep learning libraries. In recent years, researchers have increasingly focused on the challenges associated with maintaining fairness, privacy, and reliability, and this work contributes to the growing body of research on AI safety.",1
"Built with performance in mind, the platform enables you to enhance your workflow by adding a simple layer of AI-generated content detection, without needing any prior expertise in machine learning. The classification pipeline can be broken down into several steps: after feature extraction, a dense layer with a sigmoid activation computes the final probability, overall, the pipeline is straightforward to implement using modern deep learning libraries. Careful dataset curation remains essential for achieving reliable outcomes.",1
"Bro fr, I literally forgot why I walked into the kitchen halfway there, I’m just done at this point. Real talk, the bus was so crowded I couldn't even move my arm to check my phone, I swear the universe is trolling me. I’ll complain about being tired but still stay up late on my phone.",0
"With this intelligent system, users can effortlessly enhance your workflow by adding a simple layer of AI-generated content detection, in just a few clicks directly from your browser. The rapid growth of artificial intelligence has significantly influenced the broader implications of deploying automated language models at scale, and this work contributes to the growing body of research on AI safety. This project aims to explore the challenges associated with maintaining fairness, privacy, and reliability, which may assist organizations in making informed decisions.",1
"Listen, my laptop sounds like a jet engine every time I open VS Code, I swear the universe is trolling me. No cap, I made maggi and still somehow managed to burn it, I really need to get my life together. Real talk, my laptop sounds like a jet engine every time I open VS Code, now I’m just staring at the screen like 💀. Idk man, I literally forgot why I walked into the kitchen halfway there, I’m just done at this point. The only thing consistent about me is my inconsistency.",0
"The classification pipeline can be broken down into several steps: after feature extraction, a dense layer with a sigmoid activation computes the final probability, as a result, developers can integrate the classifier into existing web applications. In recent years, researchers have increasingly focused on various strategies for improving classification accuracy on real-world datasets, thus highlighting the importance of robust evaluation pipelines. The rapid growth of artificial intelligence has significantly influenced the broader implications of deploying automated language models at scale, thus highlighting the importance of robust evaluation pipelines. The rapid growth of artificial intelligence has significantly influenced how machine learning models can distinguish between human-written and AI-generated content, thus highlighting the importance of robust evaluation pipelines. Hybrid approaches that combine rules and machine learning may further boost performance.",1
"Bro, not gonna lie, I joined the online class and the teacher immediately took my name, I really need to get my life together. Bro fr, the power went out right when the match was getting interesting, and now I’m just here questioning my decisions.",0
"Lmao, I told myself I’d sleep early but it’s 3am and I’m still awake, I really need to get my life together. Listen, I was so hungry that I finished my food in under five minutes, I need a reset button for real. Honestly, I kept saying one last episode and somehow finished the whole season, and I'm still pretending everything is fine. Lowkey feeling like I saved the file but now I can’t find where I saved it, and honestly I only have myself to blame. Every time I say 'from tomorrow', that tomorrow never comes.",0
"Bro, not gonna lie, my wifi keeps dying whenever I actually decide to be productive, it be like that sometimes fr. Lowkey feeling like my laptop sounds like a jet engine every time I open VS Code, my life is actually a joke sometimes. Lowkey feeling like I saved the file but now I can’t find where I saved it, I really need to get my life together. I was supposed to drink more water this week, but here we are.",0
"The primary objective of this system is to demonstrate the challenges associated with maintaining fairness, privacy, and reliability, which ultimately benefits both developers and end users. To understand how this model works, consider the following process: finally, the output is interpreted as either AI-generated or human-generated text, which allows the system to deliver predictions with minimal latency. You can think of the entire model as a sequence of stages: then, these sequences are padded to a consistent length to form batches, overall, the pipeline is straightforward to implement using modern deep learning libraries. Built with performance in mind, the platform enables you to gain deeper insights into the authenticity of text appearing in your documents or projects, without needing any prior expertise in machine learning. Logging and monitoring are recommended when deploying the system in production.",1
"At a high level, the system follows this workflow: next, the encoded text is passed through an embedding layer followed by an LSTM network, which allows the system to deliver predictions with minimal latency. You can think of the entire model as a sequence of stages: then, these sequences are padded to a consistent length to form batches, which allows the system to deliver predictions with minimal latency. Logging and monitoring are recommended when deploying the system in production.",1
"From a technical perspective, it is important to understand the role of natural language processing in modern software applications, which may assist organizations in making informed decisions. The primary objective of this system is to demonstrate the challenges associated with maintaining fairness, privacy, and reliability, and this work contributes to the growing body of research on AI safety. The detection mechanism relies on a simple but effective approach: then, these sequences are padded to a consistent length to form batches, as a result, developers can integrate the classifier into existing web applications. Whether you're a student, teacher, or developer, this application lets you quickly evaluate multiple samples of writing without manual inspection, in just a few clicks directly from your browser. Integration with existing authentication systems can help secure access to the tool.",1
"The detection mechanism relies on a simple but effective approach: first, the raw text is tokenized and converted into numerical sequences, as a result, developers can integrate the classifier into existing web applications. This project aims to explore various strategies for improving classification accuracy on real-world datasets, and this work contributes to the growing body of research on AI safety. Designed for modern creators, this tool helps you improve transparency when sharing or reviewing AI-assisted writing, while maintaining an intuitive and user-friendly interface.",1
"No cap, the bus was so crowded I couldn't even move my arm to check my phone, I really need to get my life together. Real talk, my phone was at 5% and of course that’s when everyone decides to call, I’m just done at this point. No cap, the app just crashed the exact second I hit save, and honestly I only have myself to blame. My friends keep making plans and cancelling at the last minute.",0
"Lmao, the bus was so crowded I couldn't even move my arm to check my phone, I can’t even be mad, this is on me. Not even kidding, I joined the online class and the teacher immediately took my name, I keep saying I'll change, but do I? No. Idk man, I joined the online class and the teacher immediately took my name, and now I’m just here questioning my decisions. The only thing consistent about me is my inconsistency.",0
"Bro, not gonna lie, I kept saying one last episode and somehow finished the whole season, like why does this always happen to me. Lowkey feeling like I told myself I’d sleep early but it’s 3am and I’m still awake, like why does this always happen to me. Real talk, the bus was so crowded I couldn't even move my arm to check my phone, I keep saying I'll change, but do I? No.",0
"The classification pipeline can be broken down into several steps: first, the raw text is tokenized and converted into numerical sequences, this makes the model suitable for real-time applications with moderate resource usage. The detection mechanism relies on a simple but effective approach: finally, the output is interpreted as either AI-generated or human-generated text, overall, the pipeline is straightforward to implement using modern deep learning libraries. In recent years, researchers have increasingly focused on how machine learning models can distinguish between human-written and AI-generated content, in order to build more transparent and trustworthy AI systems. In recent years, researchers have increasingly focused on how machine learning models can distinguish between human-written and AI-generated content, and this work contributes to the growing body of research on AI safety. Hybrid approaches that combine rules and machine learning may further boost performance.",1
"Our AI-powered detector provides a seamless way to gain deeper insights into the authenticity of text appearing in your documents or projects, so you can stay confident about the origin of your text. To understand how this model works, consider the following process: first, the raw text is tokenized and converted into numerical sequences, thereby creating a practical tool for educational and experimental purposes. The primary objective of this system is to demonstrate the broader implications of deploying automated language models at scale, which may assist organizations in making informed decisions. Careful dataset curation remains essential for achieving reliable outcomes.",1
"Listen, my laptop sounds like a jet engine every time I open VS Code, I’m just done at this point. Dude, I kept saying one last episode and somehow finished the whole season, my life is actually a joke sometimes. Lmao, the power went out right when the match was getting interesting, and now I’m just here questioning my decisions. Not even kidding, my phone was at 5% and of course that’s when everyone decides to call, I really need to get my life together. I keep setting alarms and then snoozing all of them.",0
"The rapid growth of artificial intelligence has significantly influenced the broader implications of deploying automated language models at scale, and this work contributes to the growing body of research on AI safety. In recent years, researchers have increasingly focused on the challenges associated with maintaining fairness, privacy, and reliability, and this work contributes to the growing body of research on AI safety. The detection mechanism relies on a simple but effective approach: next, the encoded text is passed through an embedding layer followed by an LSTM network, overall, the pipeline is straightforward to implement using modern deep learning libraries. Whether you're a student, teacher, or developer, this application lets you gain deeper insights into the authenticity of text appearing in your documents or projects, in just a few clicks directly from your browser.",1
"Built with performance in mind, the platform enables you to enhance your workflow by adding a simple layer of AI-generated content detection, making AI more accessible and understandable for everyone. The primary objective of this system is to demonstrate the challenges associated with maintaining fairness, privacy, and reliability, thus highlighting the importance of robust evaluation pipelines. Users are encouraged to provide feedback to continuously improve the tool.",1
"Listen, I saved the file but now I can’t find where I saved it, my life is actually a joke sometimes. Brooo, the app just crashed the exact second I hit save, now I’m just staring at the screen like 💀. Lowkey feeling like my wifi keeps dying whenever I actually decide to be productive, now I’m just staring at the screen like 💀. I’ll complain about being tired but still stay up late on my phone.",0
"To understand how this model works, consider the following process: finally, the output is interpreted as either AI-generated or human-generated text, as a result, developers can integrate the classifier into existing web applications. The detection mechanism relies on a simple but effective approach: next, the encoded text is passed through an embedding layer followed by an LSTM network, thereby creating a practical tool for educational and experimental purposes. To understand how this model works, consider the following process: after feature extraction, a dense layer with a sigmoid activation computes the final probability, thereby creating a practical tool for educational and experimental purposes. Users are encouraged to provide feedback to continuously improve the tool.",1
"You can think of the entire model as a sequence of stages: first, the raw text is tokenized and converted into numerical sequences, thereby creating a practical tool for educational and experimental purposes. With this intelligent system, users can effortlessly improve transparency when sharing or reviewing AI-assisted writing, so you can stay confident about the origin of your text. From a technical perspective, it is important to understand the broader implications of deploying automated language models at scale, which may assist organizations in making informed decisions. The interface can be customized to match different design preferences.",1
"Fr, I joined the online class and the teacher immediately took my name, I really need to get my life together. Tbh, I made maggi and still somehow managed to burn it, I’m just done at this point.",0
"Our AI-powered detector provides a seamless way to gain deeper insights into the authenticity of text appearing in your documents or projects, making AI more accessible and understandable for everyone. Designed for modern creators, this tool helps you improve transparency when sharing or reviewing AI-assisted writing, so you can stay confident about the origin of your text. The underlying architecture can be extended using transformer-based models.",1
"At a high level, the system follows this workflow: finally, the output is interpreted as either AI-generated or human-generated text, as a result, developers can integrate the classifier into existing web applications. This project aims to explore various strategies for improving classification accuracy on real-world datasets, which may assist organizations in making informed decisions. The rapid growth of artificial intelligence has significantly influenced the role of natural language processing in modern software applications, and this work contributes to the growing body of research on AI safety. You can think of the entire model as a sequence of stages: after feature extraction, a dense layer with a sigmoid activation computes the final probability, thereby creating a practical tool for educational and experimental purposes.",1
"Listen, I saved the file but now I can’t find where I saved it, I’m just done at this point. Bruh, I told myself I’d sleep early but it’s 3am and I’m still awake, my life is actually a joke sometimes. Honestly, I was so hungry that I finished my food in under five minutes, I can’t even be mad, this is on me.",0
"At a high level, the system follows this workflow: finally, the output is interpreted as either AI-generated or human-generated text, thereby creating a practical tool for educational and experimental purposes. To understand how this model works, consider the following process: finally, the output is interpreted as either AI-generated or human-generated text, which allows the system to deliver predictions with minimal latency. Built with performance in mind, the platform enables you to analyze written content and determine whether it was generated by a human or an AI model, making AI more accessible and understandable for everyone.",1
"With this intelligent system, users can effortlessly gain deeper insights into the authenticity of text appearing in your documents or projects, making AI more accessible and understandable for everyone. With this intelligent system, users can effortlessly analyze written content and determine whether it was generated by a human or an AI model, while maintaining an intuitive and user-friendly interface. The primary objective of this system is to demonstrate how machine learning models can distinguish between human-written and AI-generated content, which ultimately benefits both developers and end users. This classifier serves as a starting point for exploring responsible AI practices.",1
"At a high level, the system follows this workflow: first, the raw text is tokenized and converted into numerical sequences, this makes the model suitable for real-time applications with moderate resource usage. From a technical perspective, it is important to understand the broader implications of deploying automated language models at scale, in order to build more transparent and trustworthy AI systems. Our AI-powered detector provides a seamless way to enhance your workflow by adding a simple layer of AI-generated content detection, in just a few clicks directly from your browser. Built with performance in mind, the platform enables you to analyze written content and determine whether it was generated by a human or an AI model, in just a few clicks directly from your browser.",1
"Real talk, the bus was so crowded I couldn't even move my arm to check my phone, and honestly I only have myself to blame. Honestly, the power went out right when the match was getting interesting, I really need to get my life together. Lmao, I saved the file but now I can’t find where I saved it, I swear the universe is trolling me. Lowkey feeling like I made maggi and still somehow managed to burn it, and somehow this is becoming my daily routine.",0
"This project aims to explore the broader implications of deploying automated language models at scale, which may assist organizations in making informed decisions. To understand how this model works, consider the following process: after feature extraction, a dense layer with a sigmoid activation computes the final probability, thereby creating a practical tool for educational and experimental purposes. In recent years, researchers have increasingly focused on various strategies for improving classification accuracy on real-world datasets, in order to build more transparent and trustworthy AI systems. Integration with existing authentication systems can help secure access to the tool.",1
"The detection mechanism relies on a simple but effective approach: after feature extraction, a dense layer with a sigmoid activation computes the final probability, as a result, developers can integrate the classifier into existing web applications. Designed for modern creators, this tool helps you gain deeper insights into the authenticity of text appearing in your documents or projects, so you can stay confident about the origin of your text. The interface can be customized to match different design preferences.",1
"Fr, I was so hungry that I finished my food in under five minutes, and somehow this is becoming my daily routine. Brooo, my wifi keeps dying whenever I actually decide to be productive, and I'm still pretending everything is fine. No cap, I opened my notes and instantly felt sleepy for no reason, and I'm still pretending everything is fine. Lowkey feeling like I told myself I’d sleep early but it’s 3am and I’m still awake, and now I’m just here questioning my decisions.",0
"Brooo, I kept saying one last episode and somehow finished the whole season, and honestly I only have myself to blame. Fr, I told myself I’d sleep early but it’s 3am and I’m still awake, and I still act surprised every time. I’ll complain about being tired but still stay up late on my phone.",0
"Honestly, the app just crashed the exact second I hit save, I really need to get my life together. Bruh, I was so hungry that I finished my food in under five minutes, I can’t even be mad, this is on me. Every time I say 'from tomorrow', that tomorrow never comes.",0
"The primary objective of this system is to demonstrate various strategies for improving classification accuracy on real-world datasets, which ultimately benefits both developers and end users. From a technical perspective, it is important to understand how machine learning models can distinguish between human-written and AI-generated content, which may assist organizations in making informed decisions. The detection mechanism relies on a simple but effective approach: after feature extraction, a dense layer with a sigmoid activation computes the final probability, which allows the system to deliver predictions with minimal latency. At a high level, the system follows this workflow: then, these sequences are padded to a consistent length to form batches, as a result, developers can integrate the classifier into existing web applications.",1
"The detection mechanism relies on a simple but effective approach: after feature extraction, a dense layer with a sigmoid activation computes the final probability, overall, the pipeline is straightforward to implement using modern deep learning libraries. This project aims to explore the challenges associated with maintaining fairness, privacy, and reliability, which may assist organizations in making informed decisions. You can think of the entire model as a sequence of stages: after feature extraction, a dense layer with a sigmoid activation computes the final probability, overall, the pipeline is straightforward to implement using modern deep learning libraries. The detection mechanism relies on a simple but effective approach: then, these sequences are padded to a consistent length to form batches, this makes the model suitable for real-time applications with moderate resource usage.",1
"Real talk, my phone was at 5% and of course that’s when everyone decides to call, now I’m just staring at the screen like 💀. Idk man, the bus was so crowded I couldn't even move my arm to check my phone, and now I’m just here questioning my decisions. Real talk, I literally forgot why I walked into the kitchen halfway there, I need a reset button for real. Bruh, my laptop sounds like a jet engine every time I open VS Code, and somehow this is becoming my daily routine. Sometimes I open WhatsApp and forget why I opened it.",0
"The detection mechanism relies on a simple but effective approach: finally, the output is interpreted as either AI-generated or human-generated text, which allows the system to deliver predictions with minimal latency. Whether you're a student, teacher, or developer, this application lets you gain deeper insights into the authenticity of text appearing in your documents or projects, in just a few clicks directly from your browser. Designed for modern creators, this tool helps you quickly evaluate multiple samples of writing without manual inspection, while maintaining an intuitive and user-friendly interface. To understand how this model works, consider the following process: then, these sequences are padded to a consistent length to form batches, which allows the system to deliver predictions with minimal latency. Future updates may include support for additional languages and domains.",1
"With this intelligent system, users can effortlessly gain deeper insights into the authenticity of text appearing in your documents or projects, in just a few clicks directly from your browser. At a high level, the system follows this workflow: first, the raw text is tokenized and converted into numerical sequences, as a result, developers can integrate the classifier into existing web applications. To understand how this model works, consider the following process: finally, the output is interpreted as either AI-generated or human-generated text, this makes the model suitable for real-time applications with moderate resource usage. Careful dataset curation remains essential for achieving reliable outcomes.",1
"Lowkey feeling like I literally forgot why I walked into the kitchen halfway there, it be like that sometimes fr. Bruh, I saved the file but now I can’t find where I saved it, I can’t even be mad, this is on me. Dude, my laptop sounds like a jet engine every time I open VS Code, I need a reset button for real. Listen, my phone was at 5% and of course that’s when everyone decides to call, my life is actually a joke sometimes.",0
"Bro fr, my laptop sounds like a jet engine every time I open VS Code, and somehow this is becoming my daily routine. Bruh, I was supposed to study but ended up scrolling reels for like two hours, like why does this always happen to me. Bro fr, I was supposed to study but ended up scrolling reels for like two hours, I swear the universe is trolling me. Sometimes I open WhatsApp and forget why I opened it.",0
"The rapid growth of artificial intelligence has significantly influenced how machine learning models can distinguish between human-written and AI-generated content, and this work contributes to the growing body of research on AI safety. Whether you're a student, teacher, or developer, this application lets you improve transparency when sharing or reviewing AI-assisted writing, so you can stay confident about the origin of your text. Logging and monitoring are recommended when deploying the system in production.",1
"From a technical perspective, it is important to understand how machine learning models can distinguish between human-written and AI-generated content, which may assist organizations in making informed decisions. Designed for modern creators, this tool helps you analyze written content and determine whether it was generated by a human or an AI model, while maintaining an intuitive and user-friendly interface. At a high level, the system follows this workflow: first, the raw text is tokenized and converted into numerical sequences, as a result, developers can integrate the classifier into existing web applications. You can think of the entire model as a sequence of stages: finally, the output is interpreted as either AI-generated or human-generated text, which allows the system to deliver predictions with minimal latency.",1
"Dude, I was so hungry that I finished my food in under five minutes, like why does this always happen to me. Listen, the bus was so crowded I couldn't even move my arm to check my phone, I swear the universe is trolling me. Bruh, I literally forgot why I walked into the kitchen halfway there, my life is actually a joke sometimes. Not even kidding, I joined the online class and the teacher immediately took my name, and I still act surprised every time.",0
"This project aims to explore various strategies for improving classification accuracy on real-world datasets, in order to build more transparent and trustworthy AI systems. From a technical perspective, it is important to understand the broader implications of deploying automated language models at scale, which ultimately benefits both developers and end users. Built with performance in mind, the platform enables you to analyze written content and determine whether it was generated by a human or an AI model, without needing any prior expertise in machine learning. The rapid growth of artificial intelligence has significantly influenced various strategies for improving classification accuracy on real-world datasets, which ultimately benefits both developers and end users. Future updates may include support for additional languages and domains.",1
"At a high level, the system follows this workflow: after feature extraction, a dense layer with a sigmoid activation computes the final probability, this makes the model suitable for real-time applications with moderate resource usage. In recent years, researchers have increasingly focused on how machine learning models can distinguish between human-written and AI-generated content, which ultimately benefits both developers and end users. Our AI-powered detector provides a seamless way to improve transparency when sharing or reviewing AI-assisted writing, making AI more accessible and understandable for everyone. Careful dataset curation remains essential for achieving reliable outcomes.",1
"Listen, the app just crashed the exact second I hit save, and now I’m just here questioning my decisions. Honestly, I opened my notes and instantly felt sleepy for no reason, and now I’m just here questioning my decisions. Not even kidding, I told myself I’d sleep early but it’s 3am and I’m still awake, I really need to get my life together. No cap, I made maggi and still somehow managed to burn it, I keep saying I'll change, but do I? No.",0
"Honestly, my phone was at 5% and of course that’s when everyone decides to call, it be like that sometimes fr. Bruh, I literally forgot why I walked into the kitchen halfway there, and honestly I only have myself to blame. Bruh, I literally forgot why I walked into the kitchen halfway there, it be like that sometimes fr. Fr, I told myself I’d sleep early but it’s 3am and I’m still awake, like why does this always happen to me. Sometimes I open WhatsApp and forget why I opened it.",0
"Not even kidding, I kept saying one last episode and somehow finished the whole season, I need a reset button for real. Brooo, I opened my notes and instantly felt sleepy for no reason, like why does this always happen to me. Bro fr, the power went out right when the match was getting interesting, and somehow this is becoming my daily routine. Lmao, the power went out right when the match was getting interesting, I need a reset button for real.",0
"Bro fr, I literally forgot why I walked into the kitchen halfway there, and I'm still pretending everything is fine. Lmao, I literally forgot why I walked into the kitchen halfway there, and I still act surprised every time. Dude, I literally forgot why I walked into the kitchen halfway there, I really need to get my life together.",0
"To understand how this model works, consider the following process: after feature extraction, a dense layer with a sigmoid activation computes the final probability, overall, the pipeline is straightforward to implement using modern deep learning libraries. In recent years, researchers have increasingly focused on the challenges associated with maintaining fairness, privacy, and reliability, which ultimately benefits both developers and end users.",1
"Real talk, I literally forgot why I walked into the kitchen halfway there, and I still act surprised every time. Tbh, I was supposed to study but ended up scrolling reels for like two hours, and now I’m just here questioning my decisions. The only thing consistent about me is my inconsistency.",0
"The classification pipeline can be broken down into several steps: finally, the output is interpreted as either AI-generated or human-generated text, this makes the model suitable for real-time applications with moderate resource usage. Our AI-powered detector provides a seamless way to gain deeper insights into the authenticity of text appearing in your documents or projects, so you can stay confident about the origin of your text. Logging and monitoring are recommended when deploying the system in production.",1
"With this intelligent system, users can effortlessly quickly evaluate multiple samples of writing without manual inspection, making AI more accessible and understandable for everyone. The rapid growth of artificial intelligence has significantly influenced the role of natural language processing in modern software applications, thus highlighting the importance of robust evaluation pipelines. At a high level, the system follows this workflow: finally, the output is interpreted as either AI-generated or human-generated text, thereby creating a practical tool for educational and experimental purposes.",1
"Lowkey feeling like I kept saying one last episode and somehow finished the whole season, and now I’m just here questioning my decisions. Idk man, I kept saying one last episode and somehow finished the whole season, like why does this always happen to me. Listen, I saved the file but now I can’t find where I saved it, I’m just done at this point.",0
"Bro fr, I was so hungry that I finished my food in under five minutes, and I'm still pretending everything is fine. Not even kidding, my phone was at 5% and of course that’s when everyone decides to call, I’m just done at this point. Sometimes I open WhatsApp and forget why I opened it.",0
"Real talk, I was supposed to study but ended up scrolling reels for like two hours, I really need to get my life together. Dude, I literally forgot why I walked into the kitchen halfway there, and somehow this is becoming my daily routine.",0
